timestamp	x	y	z
0	-0.033	0.043	-0.079
10	0.063	-0.005	0.009
20	-0.026	0.009	-0.012
30	0.046	0.007	-0.041
40	0.024	0.048	-0.046
50	-0.019	0.021	0.004
60	0.039	0.012	-0.055
70	-0.009	0.002	-0.075
80	0.003	-0.003	-0.058
90	0.032	0	-0.053
100	-0.038	-0.01	-0.055
110	0.036	0.002	-0.065
120	-0.014	-0.043	-0.058
130	0.003	-0.005	-0.118
140	-0.021	0.007	-0.101
150	-0.028	-0.022	-0.137
160	-0.011	0.021	0.016
170	0.017	0.017	-0.058
180	0.003	0.031	-0.077
190	-0.004	0.053	-0.048
200	0.015	0.017	-0.027
210	0.051	0.038	-0.058
220	0.06	-0.01	-0.082
230	-0.014	0.036	-0.099
240	0.015	0.05	-0.02
250	0.032	-0.017	-0.058
260	0.039	0.007	-0.012
270	0.017	0	0.007
280	0.036	0.057	0.04
290	0.024	0.002	-0.051
300	0.051	0.002	-0.041
310	0.022	0.002	-0.003
320	0.063	0.002	-0.058
330	0.017	0.029	-0.039
340	0.005	0.017	-0.067
350	0.044	-0.01	-0.067
360	0.041	-0.01	-0.063
370	0.051	0.017	0.048
380	0.034	-0.029	0.024
390	-0.002	0.055	-0.048
400	0.06	0	-0.077
410	-0.019	-0.017	-0.058
420	0	0.026	-0.017
430	0.063	0.024	-0.06
440	0.056	0.038	0.002
450	0.063	-0.003	-0.008
460	0.012	0.043	-0.024
470	0.032	0.038	0.019
480	0.017	0.017	-0.06
490	0.022	0.038	-0.031
500	0.048	-0.01	-0.012
510	0.02	-0.053	-0.036
520	0.063	-0.007	-0.015
530	0.082	0.033	-0.022
540	-0.023	0.009	-0.072
550	-0.021	-0.017	-0.024
560	-0.007	0.019	-0.015
570	0.084	-0.017	-0.043
580	0.034	0	-0.07
590	0.024	0.009	-0.099
600	-0.011	0.002	-0.02
610	0.008	-0.017	-0.039
620	0.046	0.005	-0.046
630	-0.021	-0.017	-0.046
640	0.012	0.019	-0.075
650	0.041	0.043	-0.075
660	0.022	0.024	-0.096
670	0.022	0	-0.053
680	0.017	-0.019	-0.055
690	0.017	-0.012	-0.058
700	0.044	0.012	0.012
710	-0.043	0.038	-0.02
720	-0.011	0.014	0.014
730	0.065	-0.003	-0.02
740	-0.002	-0.024	-0.079
750	0.005	0.002	-0.027
760	0.02	0.012	-0.053
770	-0.004	-0.034	-0.072
780	0.02	0.007	-0.046
790	0.027	-0.026	-0.012
800	0.032	0.053	-0.024
810	0.003	-0.019	-0.039
820	0.022	0.007	-0.039
830	0.075	0.005	-0.039
840	0.022	-0.012	-0.051
850	-0.016	-0.019	-0.046
860	0.022	0.043	-0.101
870	0.02	-0.01	-0.072
880	0.029	0.021	-0.087
890	0.044	0.007	-0.087
900	0.06	0.026	0.007
910	0.022	0.045	-0.094
920	-0.04	-0.003	-0.07
930	0.063	-0.043	-0.01
940	0	0.026	-0.099
950	0.029	0.038	-0.043
960	0.01	0.014	-0.067
970	0	-0.014	-0.02
980	0.108	-0.01	-0.024
990	0.034	-0.012	0
1000	0.068	0.019	0.019
1010	-0.004	-0.005	0.026
1020	0.056	0.048	0.002
1030	-0.011	0.009	-0.036
1040	0.053	-0.007	-0.101
1050	0.094	0.031	-0.048
1060	-0.04	0	-0.036
1070	0.044	0.033	-0.13
1080	0.022	0.019	-0.063
1090	0.032	0.007	-0.06
1100	0.091	-0.003	-0.067
1110	0.008	-0.034	-0.012
1120	-0.019	0.033	-0.022
1130	0	0.007	-0.048
1140	0.024	-0.041	-0.055
1150	0.072	0.033	-0.051
1160	-0.047	0.036	-0.101
1170	0.063	0.043	0.04
1180	0.089	0.024	0.016
1190	0.01	0.05	-0.027
1200	-0.004	0.036	0.007
1210	-0.014	0.053	0
1220	0.056	0.021	-0.008
1230	0.012	-0.017	-0.058
1240	0.027	0.009	-0.039
1250	0.041	0.009	-0.027
1260	-0.031	-0.034	-0.067
1270	0.034	-0.005	-0.024
1280	0.01	0.076	-0.022
1290	0.053	0.021	-0.024
1300	0.012	-0.003	-0.017
1310	0.068	0.002	-0.11
1320	0.041	0.043	-0.029
1330	0.053	0.014	-0.087
1340	0.046	0.007	-0.072
1350	0.034	0.005	-0.082
1360	-0.023	0.041	-0.058
1370	0.01	0.005	-0.075
1380	-0.026	0.036	-0.027
1390	0.005	0.021	-0.048
1400	-0.011	0.019	-0.034
1410	0.027	0.007	-0.048
1420	-0.026	0.033	-0.039
1430	0	0.033	-0.084
1440	0.022	0.026	-0.017
1450	0.034	-0.01	-0.017
1460	0.039	-0.005	-0.053
1470	0.027	-0.029	-0.031
1480	0.005	0.021	-0.041
1490	0.051	-0.022	-0.017
1500	0.034	-0.007	-0.11
1510	0.034	-0.01	-0.048
1520	0	-0.041	-0.075
1530	0.015	0.038	-0.075
1540	0.027	-0.022	-0.099
1550	0.017	-0.014	-0.017
1560	0.087	0	-0.039
1570	-0.004	-0.036	-0.079
1580	-0.026	-0.003	-0.079
1590	0.005	0	-0.11
1600	0.036	0.021	-0.02
1610	0.01	-0.005	-0.07
1620	-0.009	-0.026	-0.039
1630	0.005	0.024	-0.06
1640	-0.052	0.024	-0.06
1650	-0.007	0.007	-0.048
1660	0.048	0.067	-0.084
1670	-0.023	-0.029	-0.067
1680	0.017	0.009	-0.084
1690	0.015	0.029	-0.005
1700	-0.007	-0.043	-0.041
1710	0.039	0.019	-0.043
1720	0.029	0.009	-0.065
1730	0	-0.031	-0.077
1740	-0.067	0.036	-0.027
1750	0.058	-0.007	-0.089
1760	0.032	0.007	-0.043
1770	-0.007	0.012	-0.125
1780	0.024	-0.024	-0.077
1790	0.041	-0.041	-0.077
1800	-0.004	-0.017	-0.017
1810	0.029	0.002	-0.06
1820	0.029	0.031	-0.029
1830	0.036	-0.058	-0.029
1840	0.041	0.012	-0.029
1850	0.012	-0.01	-0.091
1860	0.015	0.019	-0.015
1870	0.02	0.043	-0.031
1880	0.041	0.021	-0.031
1890	0.012	0.065	-0.036
1900	-0.04	-0.014	-0.072
1910	0.044	0.029	-0.027
1920	-0.028	-0.038	-0.012
1930	0.036	-0.029	-0.039
1940	0.044	0	-0.051
1950	0.003	0.024	-0.015
1960	0.048	0.012	-0.034
1970	0.022	0.002	-0.041
1980	0.022	0.009	-0.055
1990	0.003	0.048	-0.034
2000	0.005	0.005	-0.079
2010	0.027	0.026	-0.089
2020	0.029	0.019	-0.036
2030	-0.002	-0.005	-0.015
2040	-0.031	0.05	-0.055
2050	0.01	-0.019	-0.072
2060	0.041	0.031	-0.039
2070	0.017	-0.014	-0.063
2080	0.072	0.005	-0.01
2090	0.034	-0.014	-0.072
2100	0.015	0	-0.017
2110	0.024	-0.003	0.009
2120	0.022	-0.003	-0.063
2130	-0.028	0.024	-0.017
2140	0.029	0.007	-0.051
2150	0.022	0.021	-0.048
2160	-0.021	-0.014	-0.051
2170	-0.002	0.033	-0.096
2180	-0.04	-0.01	0.009
2190	0.029	0.014	-0.029
2200	0.034	-0.014	-0.079
2210	-0.014	0.012	-0.053
2220	-0.028	-0.007	-0.087
2230	0.003	-0.005	-0.039
2240	-0.002	-0.003	-0.027
2250	0.01	0.029	-0.051
2260	0.053	0.029	-0.063
2270	0.02	0	-0.06
2280	0.046	-0.024	-0.02
2290	-0.004	0.019	-0.012
2300	0.041	0.019	-0.046
2310	0.029	0.031	-0.031
2320	-0.035	0.029	-0.034
2330	0.017	0.026	-0.022
2340	0.039	0.033	-0.039
2350	0.096	0.019	-0.024
2360	0.032	0.009	-0.012
2370	0.041	0.024	0.009
2380	-0.021	0.088	0.002
2390	0.02	0.012	-0.06
2400	0.06	-0.026	-0.106
2410	0.024	-0.019	-0.029
2420	0.02	0.031	-0.039
2430	-0.028	0.06	-0.029
2440	0.027	0.079	-0.017
2450	0.039	-0.01	-0.067
2460	0.041	0	-0.072
2470	0.106	-0.038	-0.031
2480	0	0.038	-0.005
2490	0.075	0	-0.094
2500	0.034	0.012	-0.031
2510	0.003	0.038	-0.046
2520	0.032	-0.031	-0.02
2530	0.027	-0.005	-0.027
2540	0.036	0.014	-0.043
2550	0.07	-0.014	-0.01
2560	0.036	0.057	-0.053
2570	0.02	0.012	-0.012
2580	-0.014	-0.007	-0.008
2590	0.06	0.053	-0.075
2600	0.027	0.014	-0.063
2610	0.015	0.05	-0.063
2620	0.017	0.031	0.014
2630	0.046	0	-0.036
2640	0.032	0.017	-0.072
2650	0.068	0	-0.06
2660	-0.009	0.002	-0.048
2670	0.027	0.017	-0.063
2680	0.07	-0.019	-0.07
2690	0	0.009	-0.039
2700	0.087	0.043	-0.039
2710	-0.011	0.029	-0.015
2720	-0.007	0.005	-0.041
2730	0.036	-0.046	-0.07
2740	0.032	0.031	-0.067
2750	0.032	0.012	-0.034
2760	0.008	0.002	-0.091
2770	0.003	0	-0.048
2780	0.068	0.038	-0.039
2790	-0.016	0.038	-0.075
2800	0.06	0.002	-0.005
2810	0.005	0.036	0.028
2820	0.005	0.005	-0.003
2830	0.036	0.014	-0.036
2840	0.015	0.041	-0.034
2850	0.036	-0.005	-0.043
2860	-0.004	0.038	-0.012
2870	-0.019	0.021	-0.077
2880	0.015	-0.022	-0.039
2890	-0.014	-0.043	-0.046
2900	0.068	-0.003	-0.043
2910	0.032	-0.007	-0.067
2920	0.022	0.026	-0.058
2930	0.06	0.026	-0.043
2940	0.022	0.017	-0.024
2950	0.063	-0.012	-0.039
2960	0.053	0.012	-0.039
2970	0.027	0	-0.12
2980	0.044	-0.017	-0.024
2990	0.039	0.017	-0.113
3000	0.02	0	-0.075
3010	0.015	0.05	-0.072
3020	0.003	0.014	-0.125
3030	0.044	-0.017	-0.11
3040	0	0.007	-0.012
3050	0.048	0.06	-0.043
3060	-0.021	0.017	-0.058
3070	0.01	0.053	-0.039
3080	0.053	0.021	-0.003
3090	-0.074	-0.017	-0.022
3100	-0.05	0.033	0.031
3110	-0.004	-0.007	-0.048
3120	-0.007	-0.003	0.004
3130	0.051	-0.024	0.028
3140	0.034	-0.017	-0.031
3150	-0.009	-0.031	-0.017
3160	-0.002	-0.029	-0.022
3170	-0.016	0.009	-0.082
3180	0.022	0.029	-0.055
3190	0.003	0.026	-0.015
3200	-0.021	0	-0.005
3210	0.048	-0.01	0
3220	-0.043	0.031	-0.053
3230	-0.047	-0.007	-0.053
3240	0.015	0.033	-0.082
3250	0.027	-0.022	0.028
3260	0.06	0.007	-0.024
3270	0.051	-0.031	-0.046
3280	0.039	-0.026	0.002
3290	-0.019	0.017	-0.041
3300	0.008	0.009	0.016
3310	-0.019	0.021	-0.034
3320	0.036	0.041	0.043
3330	0.053	-0.005	-0.005
3340	-0.011	0.031	0.016
3350	0.068	-0.003	-0.015
3360	-0.016	0.029	0.038
3370	0.051	0.021	0.016
3380	0.048	-0.031	0.004
3390	0.048	0.055	-0.077
3400	-0.021	0.065	-0.005
3410	0.044	0.014	-0.051
3420	0.017	0.009	-0.008
3430	0.01	0.009	-0.01
3440	0.029	-0.01	-0.082
3450	0.034	-0.017	-0.082
3460	0.008	0.005	-0.055
3470	-0.002	0.009	-0.027
3480	0.044	0.033	-0.094
3490	0.022	0.026	-0.046
3500	0.058	-0.005	-0.075
3510	0.032	0	-0.091
3520	0.048	0.024	-0.046
3530	-0.047	-0.007	-0.094
3540	0.06	0.024	-0.041
3550	-0.004	0.045	-0.053
3560	0.036	0.033	-0.003
3570	0.024	-0.031	-0.055
3580	0.041	0.009	-0.036
3590	0.036	0.017	-0.046
3600	-0.014	0.009	-0.051
3610	0.012	0.014	-0.058
3620	-0.002	0.017	-0.07
3630	-0.035	0.024	-0.043
3640	0.053	0.043	-0.027
3650	-0.011	-0.012	-0.031
3660	0.017	-0.003	-0.065
3670	0.005	-0.034	-0.048
3680	-0.004	-0.022	-0.067
3690	0.032	0.021	-0.027
3700	0.029	-0.019	-0.089
3710	0.008	0.002	-0.024
3720	0.02	0.029	-0.082
3730	0.046	0.007	0.021
3740	0.056	-0.003	-0.058
3750	-0.002	0.002	-0.101
3760	-0.002	0	-0.043
3770	0.003	0.026	-0.063
3780	-0.071	0.007	-0.012
3790	0.08	0.017	0
3800	0	-0.053	-0.017
3810	-0.045	-0.012	-0.005
3820	-0.007	0.005	0.007
3830	-0.014	-0.024	-0.063
3840	0.02	0.014	-0.031
3850	0.015	0.009	-0.039
3860	-0.004	-0.034	0.033
3870	0.022	0	-0.024
3880	-0.016	0.029	-0.051
3890	-0.031	0.005	-0.055
3900	-0.016	0.002	0.012
3910	0.056	0.009	-0.063
3920	0.022	-0.012	-0.034
3930	-0.028	-0.019	-0.07
3940	0.075	-0.012	-0.027
3950	-0.031	0.014	-0.003
3960	0.063	0.007	-0.075
3970	-0.021	0.038	-0.072
3980	0.003	0.014	0.009
3990	0.032	-0.005	-0.036
4000	-0.016	-0.007	-0.034
4010	0.036	-0.007	-0.024
4020	-0.021	0.014	0.028
4030	-0.019	0.036	-0.046
4040	-0.002	0.005	-0.003
4050	0	-0.012	-0.058
4060	0.044	0.017	-0.046
4070	0.017	0.014	-0.029
4080	0.015	0.031	-0.036
4090	0.034	0.009	0.024
4100	-0.016	0.021	-0.027
4110	0.022	0.024	-0.01
4120	0.07	0.017	-0.039
4130	-0.007	0.002	-0.034
4140	-0.021	0.021	-0.075
4150	0.015	0.026	-0.055
4160	0.024	0.007	-0.048
4170	0.044	-0.022	-0.01
4180	0	0.007	-0.043
4190	-0.002	0.009	-0.008
4200	0.041	-0.01	-0.084
4210	0.039	0.036	-0.089
4220	0.005	-0.024	-0.046
4230	-0.011	0.048	-0.079
4240	0.02	0.053	-0.058
4250	0.072	0	-0.079
4260	0.02	0.007	-0.055
4270	0.012	-0.017	-0.024
4280	0	0.048	-0.055
4290	0.039	0.012	-0.01
4300	0.005	-0.026	-0.055
4310	0.036	0.053	0.026
4320	0.02	-0.003	-0.084
4330	0.024	0	0.002
4340	0.003	-0.017	-0.075
4350	0.108	0.029	0.026
4360	-0.009	-0.012	-0.041
4370	0.039	0.048	-0.02
4380	0.094	0.005	-0.053
4390	0.003	-0.029	-0.058
4400	-0.004	0.009	-0.046
4410	0	-0.017	-0.048
4420	-0.009	0	-0.048
4430	0.029	-0.014	-0.079
4440	-0.011	0.021	-0.034
4450	0.082	0.026	-0.077
4460	0.015	0.014	-0.134
4470	0.012	0	-0.063
4480	0.053	-0.026	-0.005
4490	-0.021	0.014	-0.106
4500	0.056	-0.003	0.014
4510	-0.004	0	-0.058
4520	-0.002	-0.01	-0.039
4530	-0.009	0.048	0.064
4540	0.022	-0.026	-0.017
4550	0.036	-0.012	-0.005
4560	0.048	-0.014	0.002
4570	-0.026	0.009	-0.115
4580	0.036	0.005	-0.084
4590	0.032	-0.003	-0.051
4600	0.02	-0.022	-0.077
4610	-0.05	-0.003	-0.036
4620	0.041	0.053	-0.048
4630	-0.009	0.019	-0.036
4640	0.024	-0.062	-0.048
4650	0.034	-0.038	-0.051
4660	0.012	-0.003	-0.02
4670	-0.052	0.031	-0.031
4680	0.06	0.002	-0.024
4690	0.005	-0.022	-0.103
4700	0.008	-0.012	-0.082
4710	-0.009	0.009	0.009
4720	0.01	-0.003	0
4730	0.024	0.012	-0.022
4740	0	-0.014	-0.113
4750	0	0.06	0.012
4760	0.017	0.005	0.004
4770	0.036	-0.003	0.028
4780	0.017	0.014	-0.034
4790	-0.016	-0.014	-0.008
4800	0.012	0	-0.008
4810	0.041	-0.01	-0.065
4820	0.032	-0.005	0.007
4830	0.034	0.007	-0.079
4840	0.005	0.021	-0.077
4850	-0.002	0.036	-0.11
4860	0.02	-0.007	-0.048
4870	-0.021	-0.017	-0.051
4880	-0.011	0.029	-0.067
4890	-0.009	0.012	-0.103
4900	-0.026	0.002	-0.137
4910	0.032	-0.034	-0.043
4920	-0.028	-0.024	-0.017
4930	-0.016	0.009	-0.099
4940	-0.002	0.009	-0.108
4950	-0.028	-0.012	-0.036
4960	0.015	-0.005	-0.039
4970	-0.009	0.024	-0.039
4980	-0.031	0.002	0
4990	0	-0.01	-0.027
5000	-0.026	0.002	-0.055
5010	0.008	0.012	0
5020	0.034	0.019	-0.084
5030	-0.031	0.031	-0.039
5040	0.041	-0.003	-0.07
5050	0.029	0.026	-0.079
5060	0.022	0.014	-0.043
5070	0.027	0.031	-0.072
5080	0.024	0.014	-0.077
5090	0.022	0.007	-0.031
5100	0.02	0.009	-0.015
5110	0.044	0.031	-0.055
5120	0.032	-0.007	-0.065
5130	0.015	0.024	-0.036
5140	0.046	-0.014	-0.017
5150	0.024	-0.026	-0.051
5160	0.039	0.007	-0.031
5170	0.02	0.012	-0.06
5180	0.044	0.002	-0.01
5190	0.01	-0.029	-0.087
5200	-0.004	-0.005	-0.046
5210	-0.026	-0.036	-0.091
5220	-0.002	-0.022	-0.046
5230	0.022	0.036	-0.017
5240	0.029	-0.048	-0.067
5250	0.008	0.021	-0.029
5260	0.036	-0.038	0.052
5270	-0.009	0.038	-0.036
5280	0.01	0.019	-0.063
5290	0.029	-0.029	-0.067
5300	-0.014	0.002	-0.008
5310	-0.035	0.038	-0.02
5320	0.003	0	0.024
5330	0.044	-0.01	-0.058
5340	-0.011	0.045	-0.072
5350	0.008	-0.007	-0.089
5360	-0.016	0.038	-0.005
5370	-0.023	0.019	-0.053
5380	0.056	0.007	-0.008
5390	-0.014	0.029	-0.055
5400	0.034	0.038	-0.067
5410	-0.009	0	-0.058
5420	0.005	0.012	-0.041
5430	0.02	0.038	0.012
5440	-0.002	0.026	-0.036
5450	0.029	-0.014	-0.008
5460	-0.026	-0.017	-0.031
5470	0.005	0.017	0.014
5480	0.027	0.017	0.002
5490	0	0.026	-0.036
5500	0.017	0.012	-0.022
5510	0.003	-0.007	-0.063
5520	0.048	-0.046	-0.051
5530	0.01	0.009	-0.055
5540	0.017	-0.003	-0.058
5550	0.032	0.012	-0.099
5560	0.039	0.019	-0.12
5570	0.024	0.021	-0.046
5580	0.048	0.009	-0.039
5590	0.032	0.031	-0.051
5600	0.039	-0.017	-0.01
5610	-0.002	0.038	-0.067
5620	0.068	0.009	-0.031
5630	-0.011	0.021	-0.106
5640	-0.028	0.038	-0.046
5650	0.065	-0.005	-0.02
5660	0.015	-0.017	-0.051
5670	-0.038	0.009	-0.091
5680	0.041	-0.01	-0.005
5690	0.029	0.017	-0.084
5700	0.034	-0.014	-0.07
5710	0.036	0.048	-0.077
5720	-0.023	0.045	-0.048
5730	-0.019	-0.01	-0.024
5740	0.01	-0.005	-0.034
5750	0.058	0.014	-0.041
5760	-0.033	0.024	-0.027
5770	-0.019	0.038	-0.043
5780	0.032	0.065	-0.015
5790	0.099	0.002	-0.043
5800	0.029	0.007	-0.079
5810	-0.021	0.033	-0.027
5820	0	0.002	-0.008
5830	-0.047	0.009	-0.008
5840	-0.004	0.041	-0.036
5850	-0.026	-0.022	-0.005
5860	0.003	0.002	-0.065
5870	-0.016	0.019	-0.11
5880	-0.016	0.041	-0.041
5890	0.022	0.021	-0.051
5900	0.01	-0.041	-0.051
5910	-0.064	0.036	-0.077
5920	0.003	-0.019	-0.063
5930	0.046	-0.007	0.019
5940	0.024	0.029	-0.063
5950	0.02	0.019	-0.008
5960	0.039	-0.022	-0.01
5970	0.003	-0.01	-0.034
5980	-0.007	0.057	-0.031
5990	-0.031	0.005	-0.055
6000	0.072	-0.012	-0.041
6010	-0.019	-0.012	-0.108
6020	0.012	0.002	-0.089
6030	-0.011	-0.014	-0.07
6040	-0.016	0.007	-0.072
6050	-0.011	0.026	-0.065
6060	0.041	-0.041	-0.041
6070	0.01	0.026	-0.048
6080	0.034	0.017	0.002
6090	0.048	-0.017	0.004
6100	0.01	-0.005	0.04
6110	-0.007	0.041	-0.022
6120	0.032	0.06	-0.024
6130	0.02	0.021	0.012
6140	0.02	0.021	-0.051
6150	0.063	0.093	-0.067
6160	0	0.041	-0.02
6170	0.029	0.065	-0.036
6180	-0.002	-0.005	-0.02
6190	0.008	-0.041	-0.063
6200	0.041	-0.012	-0.027
6210	0.01	-0.019	0.021
6220	0.012	0.012	-0.065
6230	0.008	0.033	0.009
6240	0	-0.031	0.012
6250	0.041	0	-0.046
6260	-0.002	-0.017	-0.017
6270	0.041	0.009	0.007
6280	-0.004	0.002	-0.101
6290	-0.007	0.021	-0.079
6300	0	0.002	-0.065
6310	-0.038	0.065	-0.089
6320	0.048	0.007	-0.024
6330	0.044	0.031	0.002
6340	0.02	-0.003	-0.02
6350	-0.016	0.026	-0.008
6360	0.02	0.024	-0.041
6370	0.08	0.067	-0.07
6380	0.024	0.005	-0.113
6390	-0.007	-0.005	-0.094
6400	0.008	0.043	-0.029
6410	0.012	-0.01	-0.015
6420	0.01	0.014	-0.041
6430	-0.007	0.06	-0.017
6440	0.01	0.012	-0.022
6450	0.008	-0.007	-0.024
6460	-0.011	-0.031	-0.065
6470	0.032	0.019	-0.041
6480	0.044	-0.003	-0.017
6490	0.017	0.014	-0.091
6500	0.017	-0.034	0.009
6510	0.003	0.033	0.016
6520	-0.021	0.036	0.021
6530	0.063	0.005	-0.051
6540	0.01	0.014	-0.048
6550	0.034	0.021	0
6560	-0.016	0.002	-0.089
6570	0.029	0.005	-0.051
6580	0.029	-0.022	-0.022
6590	0.034	-0.003	-0.003
6600	0.056	0.033	-0.053
6610	0.008	0.045	-0.024
6620	0.024	0.026	-0.003
6630	0.02	0.009	0.002
6640	0.015	-0.01	-0.005
6650	0.07	0.014	-0.041
6660	0.053	0.017	0.014
6670	0.068	0.007	0.009
6680	0.053	0.017	-0.053
6690	-0.028	0.031	-0.063
6700	0.048	0.009	-0.077
6710	0.032	0.007	-0.039
6720	0.022	0.002	0.021
6730	0.032	0.017	-0.046
6740	0.024	0.038	-0.072
6750	0.02	-0.053	-0.058
6760	0.022	-0.048	-0.031
6770	0.032	-0.012	-0.058
6780	0.036	0.036	0.002
6790	0.01	0.024	-0.015
6800	0.053	-0.007	-0.015
6810	0.034	-0.01	-0.022
6820	0.008	-0.007	-0.075
6830	0.029	0.009	-0.003
6840	-0.009	0.005	-0.072
6850	-0.009	-0.01	-0.051
6860	0.041	0	-0.022
6870	0	0.014	-0.067
6880	0.044	0.029	-0.012
6890	-0.004	0.043	-0.06
6900	0.015	0.043	-0.015
6910	0.003	-0.017	-0.034
6920	0.003	0.005	-0.027
6930	0.032	0.036	0.026
6940	0.015	0	-0.031
6950	0.032	0	-0.041
6960	0.012	-0.017	-0.067
6970	-0.002	-0.031	-0.046
6980	0	-0.022	-0.046
6990	0.034	-0.026	-0.094
7000	-0.016	-0.003	-0.055
7010	0.029	0.021	0.021
7020	0.02	-0.034	-0.07
7030	-0.004	0.033	-0.065
7040	0.044	0.05	-0.027
7050	0.012	0.036	-0.041
7060	0.046	0.029	-0.034
7070	-0.009	0.029	-0.058
7080	0.034	0.057	-0.058
7090	0.065	-0.005	-0.053
7100	0.015	-0.012	-0.027
7110	0.058	-0.014	0.012
7120	-0.004	0.005	-0.065
7130	0	0.036	-0.022
7140	-0.007	0.017	-0.06
7150	0.005	-0.007	-0.022
7160	0.044	0.007	0.016
7170	-0.004	-0.041	-0.031
7180	0.08	0.002	-0.07
7190	0	0.021	-0.005
7200	-0.009	-0.005	-0.015
7210	0.034	0	-0.008
7220	0	-0.012	-0.012
7230	0.01	0	-0.065
7240	-0.028	0.026	-0.01
7250	-0.002	0	-0.055
7260	0.017	0.024	-0.11
7270	0.01	0.012	-0.06
7280	-0.011	0.002	-0.036
7290	0.048	0.031	-0.043
7300	0.01	-0.003	-0.043
7310	0.02	0.014	-0.065
7320	0.024	0.041	-0.106
7330	0.024	-0.029	-0.089
7340	0.003	-0.007	-0.089
7350	-0.016	-0.017	-0.089
7360	0.046	0.029	-0.087
7370	0.005	0.026	-0.015
7380	-0.004	0.019	-0.089
7390	0.012	-0.003	-0.07
7400	-0.007	0.002	-0.072
7410	0	0.036	-0.048
7420	0.024	0.024	-0.058
7430	0	-0.003	-0.017
7440	-0.019	0.033	-0.087
7450	-0.014	0.021	-0.036
7460	0.034	0.007	-0.055
7470	0.017	-0.026	-0.01
7480	0.056	-0.019	-0.024
7490	0.017	-0.007	-0.099
7500	0.017	0.007	-0.048
7510	-0.014	0	-0.051
7520	0.029	0.026	-0.055
7530	0.02	0.026	-0.029
7540	0.02	0.041	-0.072
7550	0.022	0.021	-0.02
7560	0.051	0.002	-0.034
7570	0.029	0.007	0.028
7580	0.041	-0.019	-0.039
7590	-0.043	0.045	-0.099
7600	0.039	0.007	0.026
7610	0.017	0.057	-0.072
7620	0.01	0.029	-0.034
7630	0.096	-0.022	-0.039
7640	-0.026	0.017	-0.029
7650	0.058	0.019	-0.082
7660	0.034	0.012	-0.039
7670	0.024	0.007	-0.053
7680	0.01	0.053	-0.015
7690	0.029	0.024	0.012
7700	0.024	0.029	-0.058
7710	0.015	-0.01	-0.015
7720	0.008	-0.019	-0.024
7730	0.068	-0.031	-0.005
7740	0.051	-0.005	0.002
7750	0.036	-0.01	-0.077
7760	-0.023	0.014	-0.048
7770	0.027	0.026	-0.043
7780	0.005	0.009	-0.063
7790	0.06	-0.003	0.009
7800	0.072	0.012	-0.02
7810	0.008	-0.007	0.007
7820	0.034	0.009	0.002
7830	0.015	0	-0.015
7840	0.063	-0.019	-0.031
7850	-0.004	0.043	-0.063
7860	-0.021	-0.022	-0.089
7870	0.012	0.002	-0.046
7880	0.008	0.014	-0.017
7890	-0.007	0.033	-0.048
7900	0.032	-0.017	0.004
7910	-0.019	-0.005	-0.077
7920	0.053	0.024	0
7930	-0.002	0.029	-0.048
7940	0.003	0	-0.01
7950	0.063	-0.022	0.002
7960	0.041	0.007	-0.06
7970	0.015	-0.005	-0.008
7980	0.051	0.002	-0.051
7990	-0.009	0.014	-0.058
8000	0.051	-0.017	-0.065
8010	0.01	-0.019	-0.06
8020	-0.002	0.019	-0.048
8030	0.034	0.053	-0.051
8040	0.027	0.007	-0.034
8050	0.077	-0.029	-0.103
8060	-0.002	-0.007	-0.101
8070	0.034	-0.017	-0.051
8080	0.012	-0.005	-0.039
8090	0.027	0.024	-0.048
8100	0.046	0.002	-0.055
8110	0.015	0.017	-0.065
8120	0.039	0.009	-0.048
8130	0.034	-0.003	-0.043
8140	0.012	0.005	-0.01
8150	0.024	-0.005	-0.089
8160	0.003	0.005	-0.046
8170	0.063	-0.003	0.021
8180	-0.021	-0.017	-0.065
8190	0.075	-0.024	-0.01
8200	0.068	-0.034	0.06
8210	0.008	0.021	-0.024
8220	0.017	0	-0.053
8230	-0.014	0.024	-0.031
8240	0.041	0.029	-0.065
8250	0.032	0	-0.075
8260	-0.007	0.024	-0.065
8270	0.075	-0.007	-0.065
8280	0.005	-0.01	-0.082
8290	0.012	0.026	0.009
8300	0.012	-0.029	-0.012
8310	0	0.012	-0.034
8320	0.058	0.007	-0.07
8330	0.005	0.024	-0.087
8340	0.065	0.014	-0.106
8350	0.065	-0.038	-0.079
8360	0.041	0.017	-0.015
8370	0.01	-0.003	-0.031
8380	0.008	0.005	-0.017
8390	-0.031	-0.003	-0.012
8400	0.056	-0.043	-0.02
8410	0.01	0.014	0
8420	-0.002	0	-0.058
8430	0.039	0.053	-0.053
8440	0.041	0.021	-0.022
8450	0.032	-0.017	-0.053
8460	0.022	0.021	0.033
8470	0.005	0.041	-0.008
8480	0.015	0.017	-0.046
8490	0.015	0.024	-0.031
8500	0.041	0.043	-0.051
8510	-0.033	0.014	-0.022
8520	0.029	0.005	-0.084
8530	0.027	-0.017	-0.012
8540	-0.009	0.029	-0.053
8550	0.036	0.021	-0.053
8560	0.003	-0.01	-0.024
8570	0.01	0.024	0.019
8580	0.027	-0.019	-0.017
8590	-0.004	0.05	0.002
8600	0.056	0.041	-0.072
8610	0.02	0.029	-0.036
8620	0.017	-0.022	0.014
8630	-0.002	0	-0.036
8640	0.029	0.005	-0.01
8650	-0.002	0.026	-0.067
8660	0.034	0.029	-0.015
8670	0.058	0.026	-0.008
8680	0.051	0.014	0.024
8690	0.039	0.005	0.004
8700	-0.014	-0.029	-0.063
8710	-0.009	0.024	0.048
8720	0.012	0.014	-0.043
8730	0.044	0.005	-0.008
8740	0.015	0.005	-0.084
8750	-0.007	-0.031	-0.024
8760	0.034	-0.022	-0.113
8770	0.024	-0.022	-0.055
8780	0.053	0.007	-0.11
8790	-0.074	0.012	-0.017
8800	-0.043	0.05	-0.094
8810	0.048	-0.012	-0.01
8820	-0.031	-0.005	-0.075
8830	0.036	0.017	-0.055
8840	0.02	0.029	0.004
8850	-0.062	0.024	-0.091
8860	0.065	0.012	-0.029
8870	-0.095	0.033	-0.06
8880	-0.023	-0.005	-0.017
8890	0.005	0.002	-0.027
8900	-0.033	0.026	-0.022
8910	0.01	-0.029	0.028
8920	-0.019	-0.024	-0.051
8930	-0.016	0.019	-0.046
8940	-0.019	0.007	-0.046
8950	0.096	0.017	0.004
8960	0.068	-0.019	-0.02
8970	0.027	0.007	-0.048
8980	0.017	0.05	-0.022
8990	-0.014	0.007	-0.003
9000	0.087	0.024	-0.02
9010	0.008	0.029	-0.067
9020	0.005	0.026	-0.005
9030	0.075	0	-0.029
9040	0.051	0.014	-0.07
9050	0	0.019	0.007
9060	0.034	0.033	0
9070	0.099	0.045	-0.034
9080	0.053	0.017	-0.003
9090	-0.038	0.062	0.021
9100	0.029	0.007	-0.005
9110	0.027	0.031	-0.048
9120	0.053	0.021	0.002
9130	0.02	0.033	0.012
9140	0.01	0.031	0.028
9150	-0.052	0.014	-0.017
9160	0.048	0.017	-0.063
9170	0.036	0	-0.003
9180	0.048	0.019	-0.07
9190	0.008	0.005	-0.043
9200	-0.014	0.007	-0.055
9210	0.027	0.005	-0.034
9220	0.058	0.017	-0.027
9230	0.036	0.007	-0.039
9240	0.029	0.007	0
9250	-0.011	0.002	-0.031
9260	-0.009	0	-0.053
9270	0.063	-0.024	-0.07
9280	0.032	-0.017	-0.039
9290	0.017	0.024	-0.106
9300	0.012	0.009	-0.06
9310	0	0.043	-0.079
9320	0.051	0.021	0.019
9330	0.015	0.002	0
9340	0.041	-0.003	-0.079
9350	0.012	0.014	-0.041
9360	-0.014	0.043	-0.008
9370	0.07	0.014	-0.046
9380	0.027	0	-0.024
9390	0.005	0.007	-0.029
9400	0.051	0.009	-0.043
9410	0.012	0.005	0
9420	0.029	0.024	0.019
9430	0.005	-0.003	-0.053
9440	0.024	0.017	-0.046
9450	-0.004	-0.007	0
9460	0.058	0.033	-0.077
9470	0.046	0.024	-0.017
9480	-0.009	0.043	-0.043
9490	0.044	0.017	-0.034
9500	-0.019	0.017	-0.079
9510	-0.011	0.038	-0.075
9520	0.02	-0.003	-0.015
9530	-0.009	0.007	-0.029
9540	-0.004	0	-0.039
9550	0.036	-0.034	-0.012
9560	0.041	0.005	-0.084
9570	0.01	0.024	-0.06
9580	0.015	0.021	-0.053
9590	-0.009	0.041	0.004
9600	-0.011	0.031	0.048
9610	0.022	-0.031	-0.041
9620	0.008	-0.014	-0.015
9630	-0.023	0.005	0.009
9640	-0.026	0.005	-0.008
9650	0.024	-0.026	-0.022
9660	0.012	-0.014	-0.039
9670	0.008	-0.012	-0.046
9680	0.058	-0.003	-0.017
9690	0	0.014	-0.048
9700	-0.043	0.026	-0.02
9710	0.041	0.031	0.007
9720	0.012	-0.014	-0.065
9730	0.005	0.05	-0.008
9740	-0.04	-0.01	0.007
9750	-0.026	-0.05	0
9760	-0.009	-0.022	-0.108
9770	0.005	-0.036	-0.005
9780	0.029	-0.003	-0.055
9790	-0.023	0	-0.046
9800	0.046	-0.005	-0.022
9810	0	0.021	-0.099
9820	0.036	0.031	0.069
9830	0.005	0.084	0.004
9840	0	0.024	-0.003
9850	-0.019	0.036	-0.024
9860	-0.028	0.043	0
9870	0.032	0.033	-0.063
9880	-0.007	-0.05	0.024
9890	-0.026	-0.022	-0.053
9900	0.087	0.031	0.043
9910	0.027	-0.031	-0.01
9920	0.003	0.021	-0.065
9930	0.024	-0.007	-0.008
9940	-0.004	0.026	-0.027
9950	-0.004	-0.005	0.026
9960	0.02	0.005	-0.041
9970	0	0.007	0.095
9980	0.022	0.007	0.076
9990	0.027	-0.026	-0.036
10000	-0.014	-0.038	-0.063
10010	0.024	-0.07	-0.041
10020	-0.067	-0.055	-0.048
10030	0.015	-0.043	-0.06
10040	-0.023	-0.043	0.036
10050	0.024	-0.036	-0.077
10060	0.137	0.053	-0.036
10070	0.12	0.031	0.004
10080	0.12	0.014	0.019
10090	0.029	0.069	-0.075
10100	0.063	0.067	0.055
10110	0.017	0.076	0.124
10120	0.024	0.062	0.074
10130	0.039	0.038	0.076
10140	0.015	0.091	0.052
10150	0.032	0.012	-0.003
10160	0.008	0.017	-0.031
10170	-0.004	0.021	0.021
10180	0.003	-0.07	-0.017
10190	0.034	-0.038	-0.027
10200	0.003	-0.055	-0.084
10210	0.041	-0.003	-0.053
10220	0.07	-0.026	-0.039
10230	0.029	0.029	-0.065
10240	-0.026	0.021	-0.012
10250	0.01	0.002	0.014
10260	0.005	-0.005	0.05
10270	0	0.031	0.019
10280	0.068	-0.01	-0.003
10290	0.024	-0.036	0.033
10300	0.046	-0.036	-0.024
10310	0.01	-0.014	-0.072
10320	0	-0.01	-0.024
10330	0.051	-0.019	-0.099
10340	0.048	0.029	-0.048
10350	0.06	0.019	-0.022
10360	0.046	-0.007	0.026
10370	-0.033	0	0.002
10380	0.012	0.048	0.033
10390	0.027	0.055	-0.07
10400	0.022	0.076	0.057
10410	-0.05	0.06	0.033
10420	0.034	0.079	0.024
10430	0.075	0.067	0.04
10440	0.032	0.038	-0.029
10450	0.024	0.081	-0.008
10460	-0.007	0.038	-0.063
10470	0.017	-0.031	-0.053
10480	0.01	-0.012	-0.053
10490	-0.033	-0.026	-0.029
10500	0.06	-0.029	-0.077
10510	-0.007	-0.019	-0.034
10520	0.034	-0.07	0.048
10530	0.063	-0.031	-0.008
10540	0.01	-0.007	-0.029
10550	0.048	0.057	0.019
10560	0.003	0.041	0.004
10570	0.024	0.031	-0.058
10580	0.017	0.026	-0.041
10590	0.027	-0.012	0.014
10600	0.032	0.029	0.016
10610	0.008	0.029	0.009
10620	0	-0.019	-0.02
10630	0.039	-0.031	0.031
10640	-0.011	-0.024	-0.027
10650	0.015	0.057	-0.027
10660	-0.004	0.024	-0.012
10670	0.022	-0.003	-0.091
10680	0.008	0.007	-0.027
10690	-0.026	0.007	-0.07
10700	-0.052	0.041	-0.084
10710	-0.002	0.019	-0.063
10720	0.041	-0.014	-0.017
10730	0.032	0.012	-0.053
10740	-0.004	-0.026	0.007
10750	0.015	-0.01	-0.015
10760	0.048	-0.017	-0.01
10770	-0.004	-0.014	-0.046
10780	0.022	-0.026	0.031
10790	0.029	-0.014	-0.031
10800	-0.026	0.026	-0.027
10810	0.008	0.036	-0.029
10820	-0.023	-0.038	-0.048
10830	0.017	0.005	0.031
10840	-0.026	0.009	-0.077
10850	-0.011	0.041	-0.01
10860	0.036	0.05	0.004
10870	-0.004	0.002	-0.041
10880	0.02	0.026	-0.084
10890	0.032	-0.024	-0.02
10900	-0.011	0.002	-0.11
10910	0.01	0.017	-0.003
10920	0.036	0	-0.051
10930	0.003	0.053	-0.053
10940	0.036	0.055	-0.091
10950	-0.002	0.026	0.057
10960	0.022	0.024	-0.041
10970	0.077	-0.01	-0.043
10980	0	0.021	-0.051
10990	0.024	0.024	-0.027
11000	0.008	0.05	-0.053
11010	0.051	0.029	0.06
11020	0.072	0.026	0.071
11030	-0.019	0.017	-0.02
11040	0.027	0.007	-0.029
11050	0.032	0.002	-0.027
11060	0.008	-0.014	-0.041
11070	0.072	-0.01	0.007
11080	0.029	0.005	0.009
11090	0.068	-0.014	-0.046
11100	-0.031	-0.036	-0.089
11110	0.003	-0.026	-0.067
11120	0.041	0.017	-0.01
11130	-0.002	-0.019	-0.058
11140	0	0.005	-0.01
11150	-0.021	0.033	-0.046
11160	0.012	0.062	-0.012
11170	0.06	0.057	-0.003
11180	0.027	0.031	-0.094
11190	0.008	0.026	-0.039
11200	0.051	-0.005	-0.053
11210	0	-0.026	-0.072
11220	0.075	0.036	-0.065
11230	-0.031	0.012	0.002
11240	0.044	0.014	0.004
11250	0.015	0.017	-0.065
11260	0.027	-0.014	-0.003
11270	0.024	-0.017	-0.01
11280	-0.023	0.012	-0.024
11290	0.02	-0.038	-0.027
11300	0.005	0.002	0.06
11310	0.041	0.014	-0.063
11320	0.032	-0.014	-0.087
11330	-0.019	0.021	-0.015
11340	0.053	-0.007	-0.041
11350	0.039	0.043	0.016
11360	0.048	0.002	-0.039
11370	0.046	-0.012	-0.036
11380	-0.007	0.029	-0.055
11390	0.017	-0.022	-0.063
11400	0	0.021	0.033
11410	0.051	0.017	-0.043
11420	0.07	-0.014	-0.058
11430	0.02	0.009	-0.046
11440	-0.016	0.029	-0.048
11450	0.027	0.031	-0.012
11460	-0.011	-0.01	-0.094
11470	0.003	-0.024	-0.058
11480	-0.004	-0.024	-0.034
11490	0.017	0.007	-0.036
11500	0.044	0.043	0.007
11510	-0.026	0.038	-0.01
11520	0.048	0.012	-0.022
11530	-0.016	0.019	-0.043
11540	0.005	0.021	-0.015
11550	-0.028	0.045	-0.01
11560	0.01	0.038	-0.034
11570	0.022	0.072	-0.07
11580	0.029	0.019	-0.039
11590	0.029	0.033	-0.051
11600	0.017	0	0.021
11610	0.068	-0.05	0.002
11620	0.056	-0.005	-0.089
11630	0.08	0.031	-0.067
11640	-0.002	0.002	-0.034
11650	0.06	0.012	-0.034
11660	0.032	0.019	-0.079
11670	0.022	0.024	-0.115
11680	0.032	-0.005	-0.017
11690	-0.021	-0.029	-0.091
11700	0.008	0.019	-0.043
11710	0.005	0.009	-0.003
11720	0	0.024	-0.108
11730	-0.028	0.021	0
11740	0.01	0.021	-0.091
11750	-0.021	0.031	-0.051
11760	0	-0.005	-0.003
11770	0.005	-0.007	-0.029
11780	0.003	0.033	-0.005
11790	-0.011	0.017	-0.008
11800	-0.045	0.043	-0.063
11810	-0.122	0.05	-0.043
11820	-0.083	0.012	-0.022
11830	0.048	-0.012	-0.043
11840	0.036	0.012	0.004
11850	0.01	0.019	0.021
11860	0.056	0.045	-0.079
11870	0.027	0.033	-0.022
11880	0.032	0.06	-0.058
11890	0.012	0.021	-0.01
11900	0.056	0.045	-0.039
11910	0.06	0.026	-0.029
11920	0.029	0.007	-0.082
11930	-0.002	-0.038	-0.051
11940	0.024	0.019	-0.139
11950	-0.035	-0.017	-0.048
11960	0.039	0.019	-0.053
11970	-0.062	-0.043	-0.053
11980	0.027	0.007	-0.084
11990	-0.05	-0.036	-0.084
12000	0.058	-0.048	0.074
12010	-0.002	-0.026	-0.079
12020	-0.057	0.048	-0.089
12030	-0.021	0.017	0.009
12040	-0.033	0.048	-0.048
12050	-0.031	-0.012	-0.029
12060	0.012	0.026	-0.02
12070	-0.007	0.024	-0.017
12080	0.02	0.024	0.004
12090	0.027	-0.024	-0.008
12100	0.012	0.026	0.031
12110	-0.016	-0.014	0.014
12120	-0.023	-0.022	0.004
12130	0.01	-0.024	-0.065
12140	0.039	-0.017	-0.015
12150	0.015	0.029	-0.017
12160	-0.023	-0.014	-0.048
12170	0.008	0.045	-0.041
12180	0.003	0.005	-0.07
12190	0.036	0.019	-0.003
12200	0.024	-0.022	-0.036
12210	-0.004	-0.038	-0.02
12220	0.048	0.014	-0.055
12230	0.041	0	-0.043
12240	0.036	0.041	-0.036
12250	-0.002	0.002	-0.055
12260	0.02	0.031	-0.094
12270	0.048	-0.012	-0.072
12280	0.008	-0.017	-0.041
12290	0.01	-0.01	-0.024
12300	0.041	0.053	-0.07
12310	-0.031	0.038	0.043
12320	0.029	-0.007	0.004
12330	0.053	0.014	0.05
12340	-0.021	0.019	0
12350	0.027	0.031	-0.029
12360	-0.014	-0.003	-0.034
12370	0.003	0.007	0.004
12380	0.027	-0.01	-0.017
12390	0.008	0.05	-0.043
12400	0.008	0.029	0.019
12410	0.029	0.036	-0.017
12420	0.048	-0.017	-0.046
12430	0.024	-0.026	-0.075
12440	0.015	-0.01	-0.029
12450	0.048	0.038	-0.048
12460	-0.023	0.062	-0.031
12470	0.003	0.002	0.021
12480	0.077	0.002	0.048
12490	0.029	-0.031	-0.003
12500	0.041	0.055	0.038
12510	0.034	0.048	-0.053
12520	-0.007	0.043	-0.031
12530	0.053	0.002	0.024
12540	-0.007	-0.017	-0.027
12550	0.036	-0.012	0.045
12560	-0.011	0.014	-0.058
12570	0.036	-0.024	0.002
12580	0.051	-0.022	-0.063
12590	0.048	-0.031	-0.015
12600	0.034	0.012	-0.041
12610	-0.011	0.043	-0.134
12620	0.024	-0.036	-0.055
12630	0.046	0.005	-0.101
12640	-0.035	-0.06	-0.017
12650	0.032	0.005	-0.063
12660	0.034	0.043	-0.01
12670	0.008	0	-0.017
12680	0.039	-0.019	-0.06
12690	-0.033	0.048	-0.07
12700	-0.004	0.055	0.004
12710	-0.023	0.254	-0.132
12720	-0.105	-0.067	-0.063
12730	-0.124	0.036	0.043
12740	0.103	-0.017	0.05
12750	0.151	0.053	-0.008
12760	-0.112	0.017	-0.034
12770	-0.098	0.036	0.004
12780	-0.014	-0.014	-0.022
12790	0.063	-0.038	-0.039
12800	0.034	0.007	-0.048
12810	0.02	0.019	-0.065
12820	-0.014	-0.005	-0.094
12830	0.017	-0.024	-0.055
12840	0.075	-0.024	-0.051
12850	0.012	-0.01	-0.108
12860	-0.026	0.024	-0.132
12870	-0.002	0	-0.048
12880	0.01	0.041	-0.031
12890	0.029	-0.019	-0.053
12900	-0.009	0.017	-0.053
12910	0.012	-0.024	-0.008
12920	0.003	0.021	-0.012
12930	-0.002	0.007	-0.089
12940	0.017	0.026	0.019
12950	0.02	0.021	-0.039
12960	0.024	0.057	-0.053
12970	0.053	0.029	-0.017
12980	0.024	0.043	0.009
12990	0.027	0.029	0.019
13000	0.017	0.033	0.033
13010	0.008	0.033	-0.058
13020	0.032	0.053	-0.034
13030	0.06	0.033	-0.046
13040	0.003	0.014	-0.053
13050	0.044	-0.003	-0.118
13060	0.051	-0.003	-0.005
13070	-0.031	-0.005	-0.122
13080	0.06	0.017	0.012
13090	0.024	0.012	-0.067
13100	-0.011	0	-0.036
13110	0.017	0.031	-0.031
13120	0	-0.01	0.021
13130	0.015	-0.007	-0.041
13140	0.012	-0.017	-0.072
13150	-0.014	0.005	-0.075
13160	0.029	0.045	-0.029
13170	0.036	0.014	-0.077
13180	0.02	0.005	-0.022
13190	0.034	0.048	-0.079
13200	0	0.024	-0.07
13210	0.02	0.024	-0.058
13220	0.039	-0.012	-0.015
13230	-0.002	0.026	0.004
13240	0.034	0.065	0.004
13250	0.017	0.026	-0.015
13260	0.015	0.045	0.016
13270	0.017	0.021	-0.043
13280	0.008	0.069	-0.034
13290	0.005	0.026	0.055
13300	0.041	0.067	0.033
13310	0.058	-0.029	-0.005
13320	0.041	0.024	-0.048
13330	-0.016	0.009	-0.079
13340	-0.014	-0.007	-0.089
13350	0.027	0.002	0.002
13360	-0.014	-0.007	0.002
13370	0.056	0.065	0.009
13380	-0.033	0.014	-0.022
13390	0.012	-0.029	-0.034
13400	0.012	-0.012	0.024
13410	0.022	0.007	-0.017
13420	0.003	0.012	-0.01
13430	0.005	0.043	-0.046
13440	0.036	0.002	-0.017
13450	0.032	-0.05	0.016
13460	0	-0.005	0.016
13470	0.02	0.036	0.004
13480	-0.002	0.009	-0.029
13490	0.032	-0.012	0.028
13500	0.029	-0.007	-0.015
13510	0.044	0.024	0.028
13520	0.027	0.009	0.036
13530	-0.026	0.036	-0.055
13540	0.06	0.012	-0.012
13550	0.012	0.002	-0.041
13560	0.022	0.033	-0.01
13570	-0.002	-0.01	-0.046
13580	-0.009	0.007	-0.031
13590	0.024	-0.014	-0.031
13600	0.056	0.014	0.012
13610	-0.009	-0.007	-0.008
13620	-0.004	-0.01	-0.031
13630	0.005	0.026	-0.11
13640	0.06	-0.034	-0.046
13650	0.046	0.002	-0.003
13660	0.015	0.019	-0.087
13670	0.02	0.021	-0.063
13680	0.027	0	-0.048
13690	0.024	0.033	-0.029
13700	-0.011	0.024	-0.063
13710	0.063	0.024	0.004
13720	0.048	0.012	-0.027
13730	-0.002	0.005	-0.015
13740	0.015	0.033	-0.027
13750	0.048	0.005	0.033
13760	0.041	0.048	-0.01
13770	0.01	0.029	-0.034
13780	0.039	-0.003	-0.048
13790	0.036	0.029	0.038
13800	0.087	-0.043	-0.015
13810	0.003	-0.038	-0.036
13820	0.056	-0.022	0.076
13830	0.048	-0.031	0.014
13840	-0.016	-0.026	-0.067
13850	0.005	0.033	-0.017
13860	0.012	0.045	0.026
13870	0.027	0.062	-0.022
13880	0.032	-0.017	0.004
13890	0.044	0.005	-0.015
13900	0.022	0.05	0.009
13910	0.022	0.038	-0.046
13920	0.048	-0.003	-0.06
13930	0	0.021	0
13940	0.024	0.038	0
13950	0.02	0.012	0.007
13960	0.041	0.041	-0.01
13970	-0.004	0.06	-0.067
13980	0.012	0.057	-0.043
13990	0.041	0.029	-0.005
14000	-0.009	0.048	-0.055
14010	0.056	0.012	-0.017
14020	0.048	0.029	0
14030	0.046	0.005	-0.063
14040	0.027	-0.003	-0.063
14050	0.005	-0.022	-0.027
14060	0.015	-0.005	-0.072
14070	0.015	0.002	0.043
14080	-0.031	0.043	0.048
14090	0.036	0.017	-0.079
14100	0.048	0.002	-0.015
14110	0.022	0.009	-0.017
14120	-0.028	-0.003	-0.055
14130	0.012	-0.024	-0.024
14140	0.015	0.036	-0.075
14150	0.027	0.017	0.002
14160	-0.035	0.002	-0.06
14170	0.07	0.019	-0.02
14180	0.02	0.024	-0.012
14190	-0.057	0.021	0.014
14200	-0.002	-0.007	-0.008
14210	-0.002	-0.036	-0.041
14220	0.022	0.021	-0.005
14230	0.07	0.036	0
14240	-0.011	0.009	-0.084
14250	0.032	0.057	0
14260	0.017	0.029	0
14270	0.012	0.014	-0.015
14280	-0.002	0.05	-0.053
14290	0.005	-0.012	-0.005
14300	-0.007	-0.014	-0.048
14310	0.012	0.002	-0.003
14320	-0.028	0.017	-0.077
14330	0.051	0.021	-0.003
14340	0.029	0.007	0.014
14350	0	0.002	-0.034
14360	-0.021	0.007	-0.065
14370	0.01	0.053	-0.029
14380	0.032	0.007	-0.031
14390	-0.007	0.06	-0.065
14400	0.027	-0.031	-0.046
14410	0.008	-0.034	-0.029
14420	-0.014	0.002	-0.008
14430	0.072	0.009	0.012
14440	0.034	0.007	0.024
14450	0.082	0.021	-0.024
14460	0.005	0.014	-0.01
14470	0.058	0.017	-0.072
14480	-0.004	-0.003	-0.051
14490	-0.033	0.021	-0.02
14500	0.022	0.041	-0.02
14510	0.005	0.029	-0.017
14520	0.015	-0.003	-0.053
14530	0.008	-0.01	-0.07
14540	-0.021	0.012	-0.008
14550	0.012	0.009	-0.012
14560	0.008	0.029	-0.075
14570	-0.016	0.031	-0.065
14580	0.01	-0.007	0
14590	-0.016	0	-0.079
14600	0.024	0.031	-0.012
14610	0.005	-0.003	-0.051
14620	0.056	0.024	-0.075
14630	0.008	0.029	0.014
14640	-0.011	0.024	-0.043
14650	0.017	-0.007	-0.024
14660	-0.021	-0.012	-0.029
14670	0.01	-0.007	-0.051
14680	0.008	0.014	0.009
14690	-0.011	0.045	-0.055
14700	-0.016	0.038	-0.082
14710	0.063	0.053	-0.015
14720	0.003	0.048	-0.053
14730	0.024	0.041	0.05
14740	-0.014	-0.014	-0.039
14750	0.005	0.012	0.031
14760	0.027	-0.017	0.009
14770	0.008	-0.048	0.038
14780	0	-0.017	0.004
14790	-0.019	0.024	-0.079
14800	0.012	0.021	0.009
14810	0.022	0.009	0.012
14820	-0.04	-0.007	-0.067
14830	0.041	0.067	-0.077
14840	-0.019	0.031	-0.113
14850	-0.014	0.069	0.009
14860	0.02	-0.007	-0.051
14870	0.017	0.036	-0.02
14880	0.029	0.002	-0.02
14890	-0.002	-0.005	-0.096
14900	-0.016	0.014	-0.139
14910	0.087	-0.007	0.024
14920	0.02	-0.007	-0.029
14930	0.027	-0.005	-0.051
14940	0.01	0.055	-0.005
14950	-0.033	0.012	-0.079
14960	-0.033	0.012	0.009
14970	0.077	0.024	-0.089
14980	-0.023	0.005	-0.034
14990	0.036	0.005	-0.077
15000	-0.031	0.014	-0.048
15010	0.036	0.026	0.007
15020	0.041	0.017	-0.058
15030	0.024	0.014	-0.051
15040	0.024	0.062	0.043
15050	-0.021	0.043	0.002
15060	0.008	0.012	-0.072
15070	0.039	0.038	-0.079
15080	-0.007	0.029	-0.003
15090	0.017	0.069	-0.067
15100	0.046	0.043	-0.043
15110	0.012	0.019	-0.134
15120	0.008	0.014	-0.051
15130	0.022	0.045	-0.084
15140	0.041	0.029	-0.063
15150	0.034	0	-0.015
15160	0.034	0.002	-0.027
15170	0.008	-0.003	-0.008
15180	0.044	0.06	-0.051
15190	0.027	0.019	-0.012
15200	0.034	0.014	-0.039
15210	0.017	-0.003	-0.043
15220	0.029	-0.005	-0.022
15230	0.017	0.017	-0.041
15240	-0.011	-0.003	-0.053
15250	0.063	-0.026	-0.055
15260	-0.011	0.014	-0.065
15270	0.005	-0.012	-0.075
15280	0.082	-0.048	-0.048
15290	0.008	-0.007	0.004
15300	0.065	-0.012	-0.065
15310	-0.026	0.019	-0.094
15320	-0.067	-0.01	-0.039
15330	0.029	0.005	-0.072
15340	0.008	0.021	-0.034
15350	-0.016	0.014	-0.099
15360	0.003	-0.026	-0.106
15370	0.022	0.038	-0.003
15380	0.032	-0.048	-0.043
15390	-0.067	-0.003	-0.034
15400	0.029	-0.003	0.043
15410	-0.021	0.019	-0.075
15420	-0.007	0.029	0.021
15430	0	0.014	-0.031
15440	0	0.041	-0.02
15450	0.046	0.036	-0.024
15460	-0.014	-0.007	-0.063
15470	-0.031	0.048	-0.017
15480	-0.014	0.038	-0.024
15490	0.053	0	-0.024
15500	0.017	0.009	-0.048
15510	-0.05	0.019	-0.024
15520	0.02	0.012	-0.029
15530	0.034	-0.038	-0.031
15540	0.02	0.021	-0.027
15550	-0.023	0	-0.02
15560	-0.011	0.005	-0.036
15570	0.022	0.007	-0.063
15580	0.032	0.026	-0.046
15590	0	0.009	-0.077
15600	-0.035	0.041	-0.106
15610	0.032	0.026	-0.024
15620	0.044	-0.014	-0.058
15630	0.012	0.029	-0.079
15640	-0.016	0.002	-0.005
15650	-0.007	0.031	-0.01
15660	0.027	0.007	-0.005
15670	-0.014	0.017	-0.041
15680	0.096	0.009	-0.036
15690	-0.011	-0.022	-0.046
15700	0.01	0.036	0.012
15710	0.017	0.017	-0.079
15720	0.068	-0.012	-0.041
15730	0.051	0.038	-0.094
15740	0.056	-0.003	0.012
15750	-0.014	0.005	-0.06
15760	0.01	0.017	-0.046
15770	0.022	-0.01	-0.012
15780	-0.05	0.038	-0.008
15790	0	-0.003	-0.082
15800	-0.002	0.012	-0.008
15810	0.017	0.031	0.055
15820	0.056	0.005	-0.005
15830	0.056	0	-0.036
15840	-0.011	0.005	-0.031
15850	0.07	0.048	-0.091
15860	0.017	0.019	-0.065
15870	0.041	-0.026	-0.144
15880	0.027	-0.022	-0.075
15890	0.053	0.024	-0.07
15900	-0.011	0.005	-0.063
15910	-0.002	0.026	0.014
15920	-0.011	0.002	-0.022
15930	-0.009	0.005	-0.017
15940	-0.021	0.065	0.021
15950	0.053	0.065	0.012
15960	-0.007	0.033	-0.051
15970	-0.009	0.045	-0.027
15980	-0.004	0.012	-0.053
15990	-0.007	0.088	-0.034
16000	0.058	0.031	-0.036
16010	-0.014	-0.007	-0.06
16020	0.039	-0.01	-0.036
16030	0.034	-0.005	0.019
16040	-0.023	0.036	-0.065
16050	0.027	0.007	-0.082
16060	-0.023	-0.003	-0.108
16070	0.003	0.009	-0.077
16080	-0.019	0.002	-0.063
16090	-0.002	0.017	-0.06
16100	-0.004	-0.041	-0.048
16110	0.024	-0.017	-0.055
16120	0.029	-0.017	0.007
16130	0.022	0.026	-0.096
16140	0.005	0.021	-0.122
16150	0.07	0.007	-0.024
16160	0.003	0.031	-0.058
16170	0.053	0.048	-0.015
16180	0	0.007	0
16190	-0.004	-0.01	0.007
16200	0.012	0.021	-0.075
16210	0.022	0.012	-0.075
16220	0	0.005	-0.082
16230	0.015	0.036	-0.043
16240	0.039	-0.017	0.026
16250	-0.009	0	-0.041
16260	0.048	-0.007	-0.079
16270	0.027	-0.034	-0.079
16280	0.008	0.038	-0.01
16290	0.048	0.031	-0.103
16300	0.02	0.021	-0.02
16310	0.048	-0.007	-0.012
16320	0.024	-0.029	0
16330	0.024	-0.014	0.016
16340	0.063	-0.003	-0.101
16350	0.065	-0.012	-0.051
16360	-0.011	0.017	-0.125
16370	0.039	-0.019	0.007
16380	0.003	-0.017	-0.084
16390	0.027	0.014	-0.029
16400	0.027	-0.038	-0.091
16410	0.036	0.024	-0.027
16420	0.022	0.048	-0.024
16430	-0.007	0.019	-0.015
16440	0.01	0.036	-0.024
16450	0.012	0.086	0
16460	0.036	0.021	-0.089
16470	0.008	0.038	-0.024
16480	0.039	-0.031	-0.039
16490	0.044	-0.026	-0.077
16500	0.044	0.024	-0.099
16510	-0.002	-0.007	-0.046
16520	0.008	-0.058	-0.036
16530	0.005	0.005	-0.096
16540	0.044	-0.062	0.007
16550	0.039	0.024	-0.065
16560	-0.031	0.031	-0.051
16570	0.02	0.002	-0.063
16580	-0.038	0	-0.077
16590	0.034	0.007	-0.036
16600	-0.021	0.033	-0.017
16610	0.024	0.041	-0.046
16620	-0.021	0.014	0.014
16630	-0.004	0.017	0.004
16640	0.063	0.024	-0.003
16650	0.041	0.06	-0.096
16660	0.036	0.055	-0.027
16670	0.039	-0.014	0.016
16680	0.046	0.045	-0.046
16690	-0.007	0.017	-0.027
16700	0.051	0.012	-0.055
16710	-0.004	-0.005	-0.046
16720	0.005	-0.005	-0.008
16730	0.053	-0.024	-0.012
16740	0.017	0.009	-0.077
16750	0.036	-0.017	-0.058
16760	0.022	0.045	0
16770	-0.019	0	-0.039
16780	0.046	0.017	-0.053
16790	0.032	-0.017	-0.003
16800	0.02	-0.024	-0.034
16810	0.044	0.033	-0.053
16820	0.02	0.043	-0.039
16830	-0.002	0.014	-0.031
16840	0.044	0.026	-0.103
16850	0.068	-0.014	-0.029
16860	-0.023	-0.007	-0.075
16870	0.003	0.021	-0.055
16880	0.02	0.014	-0.082
16890	-0.052	0.019	-0.015
16900	0.041	0.041	0.021
16910	-0.014	0.024	-0.031
16920	0.048	0.057	0.021
16930	0.036	0.043	-0.012
16940	0.008	0.026	-0.048
16950	0.048	-0.005	-0.055
16960	-0.026	0.009	-0.082
16970	0	-0.022	0.021
16980	0.01	-0.029	-0.067
16990	0.012	-0.014	-0.058
17000	-0.043	0.005	-0.07
17010	0.012	-0.003	-0.127
17020	-0.035	-0.036	-0.048
17030	0.027	-0.024	-0.053
17040	0.029	0.05	-0.039
17050	-0.011	-0.01	-0.065
17060	0.008	0.019	-0.036
17070	0.044	0	0.043
17080	0.053	0.012	-0.024
17090	0.017	0.038	-0.039
17100	0.01	0.105	-0.091
17110	-0.009	0.033	-0.039
17120	0.008	0.009	0.007
17130	0.063	-0.003	-0.027
17140	0.046	0.014	-0.01
17150	0.012	0.048	-0.029
17160	0.029	0.002	-0.034
17170	0.036	-0.017	0.009
17180	-0.016	0.005	-0.06
17190	0.022	-0.038	-0.053
17200	0.012	0.021	-0.099
17210	0.036	-0.043	-0.094
17220	0.029	0.007	-0.015
17230	0.044	0.012	-0.06
17240	-0.014	0.007	-0.063
17250	0.048	0.009	-0.039
17260	0.022	0.06	-0.046
17270	0.017	0.017	-0.051
17280	-0.011	0.014	0.019
17290	0	0.033	-0.082
17300	0.024	-0.026	-0.024
17310	0.044	0.009	-0.07
17320	0.015	0.005	-0.065
17330	-0.014	-0.036	-0.029
17340	0.003	-0.005	-0.017
17350	0.041	-0.034	-0.046
17360	0.051	-0.031	-0.06
17370	0.029	0.065	0.026
17380	-0.011	0.014	-0.046
17390	0.005	0.033	0.048
17400	0.056	-0.012	0.028
17410	0.022	-0.005	-0.091
17420	0.036	-0.017	0.021
17430	0.005	-0.029	-0.029
17440	0.003	0.05	-0.096
17450	0.02	0.024	-0.055
17460	-0.002	-0.007	-0.043
17470	0.012	0.019	-0.046
17480	-0.011	0.029	-0.065
17490	0.034	0.007	-0.051
17500	0.003	0.002	0.004
17510	-0.045	0.012	-0.024
17520	0.015	-0.055	-0.02
17530	0.003	-0.034	-0.031
17540	-0.011	0.012	0
17550	0.012	0.026	-0.089
17560	-0.019	-0.01	-0.055
17570	0.012	0.009	-0.067
17580	-0.002	0.012	-0.008
17590	-0.009	0.033	-0.048
17600	0.048	0	-0.027
17610	0.008	0.014	0.019
17620	-0.028	0.033	-0.022
17630	0.027	0.031	0.009
17640	-0.009	-0.019	-0.036
17650	0.039	-0.029	-0.039
17660	0.053	-0.007	-0.053
17670	0.029	0.019	-0.034
17680	0.005	-0.003	-0.063
17690	0.017	-0.017	-0.048
17700	-0.026	0.029	0.016
17710	0.015	0.014	-0.034
17720	-0.021	0.031	-0.008
17730	0.027	0.009	-0.024
17740	0.008	-0.017	0.016
17750	0.029	0.014	0.028
17760	0.056	0.019	-0.091
17770	-0.014	0.002	-0.106
17780	0.015	-0.003	-0.043
17790	-0.002	-0.003	-0.063
17800	0.034	0.043	-0.051
17810	-0.011	-0.036	-0.053
17820	-0.035	-0.012	-0.02
17830	0.041	-0.012	-0.029
17840	0.034	0.041	-0.012
17850	-0.007	0.038	0
17860	0.01	0.041	0.007
17870	0.053	0	-0.058
17880	0.032	0.029	-0.022
17890	0.015	-0.029	-0.041
17900	0.015	-0.05	-0.053
17910	0.029	-0.01	-0.039
17920	0.022	0.033	-0.075
17930	0.075	0.019	-0.075
17940	0.022	-0.026	-0.039
17950	0.003	0.053	-0.008
17960	0.032	0.009	0.009
17970	-0.004	0.024	-0.008
17980	0.003	0.033	-0.022
17990	-0.031	0.021	0.012
18000	0.008	0.029	-0.015
18010	-0.021	0.019	-0.039
18020	0	0.038	-0.067
18030	-0.014	0.041	0
18040	0.01	-0.026	-0.079
18050	0.012	-0.007	0
18060	-0.004	0.048	-0.015
18070	-0.002	0.043	-0.022
18080	-0.009	-0.005	0.064
18090	-0.004	-0.022	-0.096
18100	0.008	0	-0.003
18110	-0.009	0.012	-0.07
18120	0.029	-0.036	-0.024
18130	0	-0.043	-0.051
18140	-0.043	-0.005	-0.089
18150	0.034	0.009	-0.034
18160	0.022	-0.014	-0.065
18170	0.02	-0.01	-0.084
18180	-0.016	0.021	-0.005
18190	-0.011	0.029	-0.036
18200	0.056	0.002	-0.034
18210	0.051	0.026	-0.065
18220	0.01	0.026	0.007
18230	0.048	0.045	0.019
18240	0.029	0.024	-0.024
18250	0.056	0.024	-0.017
18260	-0.009	0.002	-0.101
18270	0.041	0.019	0.016
18280	0.012	0.029	-0.082
18290	0.034	-0.012	0.002
18300	0.012	0.019	0.074
18310	-0.002	0.041	-0.034
18320	0.072	-0.005	0.019
18330	0.008	-0.003	-0.072
18340	0.015	0.014	-0.075
18350	0.024	-0.024	-0.034
18360	0.06	-0.01	-0.034
18370	0.027	-0.029	-0.082
18380	0.017	0.021	-0.046
18390	0.024	0.024	-0.012
18400	0.012	0.036	-0.029
18410	0.027	0.024	-0.003
18420	0.048	0.067	-0.005
18430	0.015	0.029	0.004
18440	0.008	-0.007	0.021
18450	-0.009	0.036	-0.012
18460	-0.026	0.019	-0.065
18470	0.022	0.021	-0.084
18480	-0.038	0.041	-0.067
18490	0.003	0.041	-0.067
18500	-0.079	-0.038	-0.029
18510	0.077	0.026	0.004
18520	0.35	0.084	0.057
18530	-0.371	0.297	-0.257
18540	-0.184	0.393	-0.304
18550	0.032	-0.091	-0.149
18560	-0.038	0.237	0
18570	0.041	-0.07	-0.24
18580	0.103	-0.041	-0.091
18590	-0.04	0.105	-0.134
18600	0.01	-0.053	0.17
18610	0.096	0.007	-0.106
18620	0.01	0.014	-0.115
18630	-0.043	-0.017	-0.156
18640	-0.019	0.007	-0.099
18650	0.072	0	-0.058
18660	-0.023	-0.043	-0.158
18670	0.01	0.038	0.024
18680	0.012	0.038	-0.024
18690	0.015	0.009	-0.043
18700	0.01	0.076	-0.103
18710	0.012	0.005	-0.146
18720	0.048	-0.01	-0.146
18730	-0.023	0.041	-0.113
18740	0.02	0.009	-0.089
18750	-0.031	0.029	-0.101
18760	-0.002	0.045	0.009
18770	0.036	0.021	-0.053
18780	0.01	0.031	-0.022
18790	0.06	0.045	-0.089
18800	0.017	0.031	-0.082
18810	0.089	-0.003	-0.099
18820	0.029	0	-0.043
18830	-0.011	0.007	-0.058
18840	0.036	-0.022	-0.053
18850	-0.035	-0.01	-0.053
18860	-0.028	-0.022	-0.127
18870	0.032	0.014	-0.089
18880	-0.035	0.019	-0.027
18890	0.015	0.029	-0.06
18900	0.005	0.002	-0.017
18910	0.022	0.043	-0.022
18920	0.017	-0.014	-0.039
18930	-0.038	0.043	-0.058
18940	0.084	-0.003	-0.053
18950	0.029	-0.014	-0.082
18960	0.027	0.007	-0.087
18970	0.012	0.024	-0.041
18980	0.017	0.043	-0.043
18990	0.058	0.036	-0.036
19000	0.003	0.029	-0.063
19010	0.051	0.043	-0.008
19020	0.027	0.009	-0.005
19030	-0.009	0	-0.02
19040	0.005	0.045	-0.065
19050	0.005	-0.007	-0.067
19060	0.024	0.009	-0.072
19070	0.056	-0.005	-0.096
19080	0.01	-0.041	-0.031
19090	0.017	0.007	-0.039
19100	0.044	0.026	-0.072
19110	0.015	-0.038	-0.06
19120	0.058	-0.029	0.031
19130	0.027	-0.007	-0.041
19140	0.012	0.05	-0.101
19150	0.008	0.033	-0.029
19160	0.051	0.038	-0.046
19170	0.06	0.012	0.004
19180	0.024	0.024	-0.156
19190	0.027	0.021	-0.075
19200	0.02	-0.01	-0.06
19210	0.056	0.057	-0.046
19220	0.02	0.041	-0.075
19230	0.034	-0.022	-0.079
19240	-0.007	0.019	-0.108
19250	-0.028	0.038	-0.022
19260	0.063	0.012	-0.082
19270	0.065	0.019	-0.029
19280	-0.007	0.05	-0.036
19290	-0.023	-0.003	-0.099
19300	0.048	0.026	-0.046
19310	0.091	0.134	-0.022
19320	0.137	-0.117	0.007
19330	0.082	-0.005	0
19340	-0.047	-0.041	-0.175
19350	0.082	-0.005	-0.02
19360	0.012	0.007	-0.261
19370	0.027	0.041	-0.084
19380	0.029	0.045	-0.168
19390	0.032	-0.005	-0.036
19400	0.044	0.005	-0.034
19410	0.024	0.009	-0.079
19420	0.068	0.021	0.009
19430	0.082	0.041	-0.055
19440	0.044	0.012	0.019
19450	0.063	-0.019	-0.149
19460	0.036	0.014	-0.096
19470	0.027	0.053	-0.118
19480	0.029	0.026	-0.154
19490	0.02	0.005	-0.072
19500	0.032	-0.019	-0.12
19510	0.02	0.026	-0.022
19520	0.027	-0.007	-0.091
19530	0.058	-0.026	0.004
19540	0.005	0.017	-0.041
19550	0	-0.005	0.007
19560	0.022	0.009	-0.075
19570	0.063	0	-0.053
19580	0.036	-0.003	-0.082
19590	0.036	0.005	-0.094
19600	0.07	0	-0.063
19610	0.02	0.009	-0.106
19620	0.048	-0.012	-0.027
19630	0.012	0.019	-0.06
19640	0.075	0.033	-0.008
19650	0.032	0.007	-0.043
19660	0.024	0.05	0.002
19670	0.034	-0.01	-0.027
19680	0.029	0.041	0.007
19690	0.005	0.031	-0.096
19700	0.02	-0.017	-0.07
19710	0.034	0.021	-0.101
19720	0.01	0	-0.012
19730	0.02	0.009	-0.06
19740	-0.035	0.036	-0.118
19750	-0.023	0.074	-0.029
19760	-0.004	0.014	-0.031
19770	-0.026	0.048	-0.087
19780	0.02	-0.031	-0.096
19790	-0.009	-0.01	-0.06
19800	0.032	0	-0.012
19810	-0.047	-0.01	-0.118
19820	0.036	0.007	-0.008
19830	0.056	0.021	-0.031
19840	0.036	-0.031	-0.063
19850	0.046	-0.017	-0.091
19860	-0.05	0.05	-0.108
19870	0.034	0.005	-0.072
19880	0.024	0.041	-0.022
19890	-0.004	0.019	-0.036
19900	-0.011	0.038	-0.06
19910	-0.04	0.067	-0.087
19920	0.02	0.024	-0.046
19930	0.032	0.009	-0.082
19940	0.017	0.033	-0.072
19950	0.029	0.017	-0.065
19960	0.032	0.017	-0.051
19970	0.027	0.005	-0.046
19980	0.051	0.009	-0.031
19990	0.003	-0.012	-0.005
20000	-0.031	0.043	-0.024
20010	0.044	-0.022	-0.022
20020	-0.035	0.005	-0.015
20030	0.02	0.019	-0.039
20040	0.01	0.043	-0.096
20050	0.053	0.009	-0.017
20060	0.024	0.041	-0.12
20070	0.003	-0.012	-0.02
20080	0.039	0.019	-0.046
20090	0.058	0.007	-0.151
20100	0.051	-0.029	-0.003
20110	0.034	0	0.028
20120	0.039	0.024	-0.058
20130	-0.028	0.029	-0.012
20140	0.017	0.026	-0.07
20150	0.02	0.033	-0.003
20160	0.02	0.05	-0.06
20170	0.053	0.017	-0.027
20180	-0.004	0.026	-0.106
20190	0.022	0.036	-0.031
20200	0.015	0.005	-0.048
20210	0.005	0.072	-0.07
20220	0.034	0.009	-0.043
20230	0.024	0.029	-0.07
20240	0.015	-0.003	-0.005
20250	0.017	0.055	-0.027
20260	-0.002	0.041	-0.122
20270	0.048	-0.041	-0.07
20280	-0.028	0.041	-0.017
20290	0.02	0.021	-0.043
20300	0.017	-0.026	0.038
20310	-0.079	-0.053	0.052
20320	0.091	-0.034	0.179
20330	0.295	-0.024	0.031
20340	-0.019	-0.003	-0.137
20350	-0.067	0.088	0.062
20360	0.051	-0.017	-0.017
20370	-0.009	-0.007	-0.065
20380	-0.028	0.038	-0.039
20390	-0.009	-0.003	0.014
20400	-0.009	0.024	-0.003
20410	-0.014	0.026	-0.048
20420	-0.007	-0.005	-0.012
20430	0.034	-0.007	-0.036
20440	0.005	-0.003	-0.031
20450	-0.033	0	-0.084
20460	0.022	0.019	-0.012
20470	0.058	-0.01	-0.027
20480	0.003	0.031	-0.017
20490	-0.038	0.045	-0.024
20500	0.051	0.026	0.004
20510	0.029	0.026	-0.005
20520	-0.004	0.026	0.014
20530	0.008	0.007	0.024
20540	-0.038	-0.024	-0.029
20550	0.027	-0.024	-0.031
20560	0.027	-0.005	-0.005
20570	0.032	-0.024	-0.034
20580	0	-0.017	-0.041
20590	-0.002	0.007	-0.008
20600	0.048	0.021	-0.067
20610	-0.028	-0.036	-0.051
20620	-0.04	0.033	-0.034
20630	0.022	0.012	-0.039
20640	-0.011	0.007	-0.053
20650	0.02	-0.007	-0.022
20660	0.039	0.036	-0.072
20670	0.029	0.012	0
20680	0.048	0.026	-0.029
20690	0.008	0.009	-0.06
20700	0.027	0.031	-0.036
20710	0.022	0.002	-0.022
20720	0.005	-0.012	-0.094
20730	0.051	0.057	-0.063
20740	0.017	0.019	0.012
20750	0.024	0.036	-0.022
20760	0.034	0.036	-0.077
20770	0.046	0.017	0.024
20780	0.032	0.002	0.019
20790	0.024	-0.012	-0.055
20800	-0.076	0.012	-0.082
20810	-0.009	-0.014	-0.034
20820	0.015	-0.019	-0.072
20830	0.017	0.017	-0.07
20840	-0.011	0.05	0.002
20850	0.034	0.021	0.026
20860	-0.011	-0.031	0.007
20870	-0.002	0.026	-0.022
20880	0.044	0.048	0.031
20890	-0.007	0.031	-0.008
20900	0.022	0.002	-0.005
20910	0.034	0.036	-0.015
20920	0.02	-0.003	-0.003
20930	0.024	0.031	-0.048
20940	0	0.043	-0.084
20950	0.039	0.012	-0.091
20960	-0.009	0.033	-0.06
20970	0.005	-0.031	0.033
20980	0.024	-0.031	0.043
20990	0.005	0.026	0.036
21000	0.024	-0.01	0.083
21010	-0.016	0	0.045
21020	0.005	0.014	-0.02
21030	0.046	-0.003	-0.01
21040	0.036	0	-0.01
21050	0.046	-0.034	-0.089
21060	0.036	-0.034	-0.087
21070	0.024	0.036	-0.072
21080	0.003	0.005	-0.051
21090	0.036	0.026	0.057
21100	-0.011	-0.022	-0.043
21110	0.022	-0.031	0.05
21120	-0.011	-0.01	0.038
21130	-0.026	-0.017	-0.022
21140	-0.009	0.05	-0.015
21150	0.044	-0.005	-0.029
21160	0.01	0.014	0.019
21170	0.032	0.045	-0.082
21180	0.032	0.021	-0.031
21190	0.008	0.002	-0.067
21200	-0.009	-0.038	-0.055
21210	0.02	-0.01	-0.043
21220	-0.047	0.002	-0.039
21230	-0.043	0.06	-0.015
21240	0.012	0.017	0.036
21250	0.056	0.009	0.016
21260	0.027	0.055	0.016
21270	-0.009	0.014	-0.048
21280	0.022	0.045	-0.07
21290	-0.05	0.002	-0.115
21300	0.022	-0.029	-0.039
21310	0.012	-0.055	-0.043
21320	0.003	-0.022	-0.048
21330	0.017	-0.034	0.016
21340	-0.05	-0.041	-0.015
21350	-0.019	0.019	0.019
21360	-0.045	0.009	-0.031
21370	-0.023	0.007	-0.031
21380	0.036	0.029	-0.01
21390	-0.014	0.002	-0.094
21400	0.027	0.038	-0.048
21410	0.015	0.057	-0.031
21420	-0.023	-0.01	-0.055
21430	0.024	-0.007	-0.027
21440	-0.014	0.021	-0.065
21450	-0.019	0.029	-0.036
21460	0.008	0.017	-0.005
21470	-0.002	0.017	-0.022
21480	-0.04	0.002	0.014
21490	0.005	0.005	0.021
21500	-0.019	0.021	-0.091
21510	0.048	-0.005	-0.067
21520	-0.016	0.05	0.016
21530	-0.011	0.021	0.012
21540	0.024	0.038	0.002
21550	0.01	0.007	-0.02
21560	0.022	-0.017	-0.031
21570	-0.011	-0.038	-0.036
21580	-0.023	-0.01	-0.041
21590	0.017	-0.003	-0.02
21600	-0.023	0.024	0.004
21610	0.012	0.036	-0.02
21620	-0.011	-0.022	-0.043
21630	-0.002	-0.007	-0.041
21640	0.041	0.007	-0.015
21650	0.027	0	-0.017
21660	-0.035	0.021	-0.106
21670	0.063	0.065	0.038
21680	0.012	0.017	-0.063
21690	0.056	0.009	0.002
21700	0.01	0.005	-0.003
21710	0.082	0.033	-0.022
21720	0.036	-0.012	-0.012
21730	-0.023	0.033	0.007
21740	0.008	-0.014	-0.005
21750	0.068	0.002	0.026
21760	0.046	0.005	-0.031
21770	0.034	0.007	-0.022
21780	-0.04	0	-0.048
21790	0.027	0	-0.036
21800	0.063	-0.012	-0.022
21810	0.017	-0.031	0.014
21820	0.051	0.048	0.033
21830	-0.011	0.038	-0.027
21840	0.034	0.019	-0.015
21850	0.032	-0.014	0.038
21860	0.029	0.014	-0.039
21870	0.06	0.031	-0.029
21880	0.005	0.038	-0.048
21890	0.029	0.033	0
21900	0.036	0.029	-0.039
21910	0.039	0.017	-0.036
21920	0.087	-0.005	0.057
21930	0.017	0.036	-0.017
21940	0.017	0.005	-0.058
21950	0.022	0.038	-0.063
21960	0.008	-0.024	-0.065
21970	0.041	0.021	0.036
21980	0.01	0.057	0.007
21990	0.008	0.033	-0.022
22000	0.02	0.026	0.009
22010	0.034	0.033	0.052
22020	0.01	0.041	-0.041
22030	0.032	0.053	-0.036
22040	0.041	-0.029	-0.034
22050	0.041	-0.003	0.031
22060	0.039	0.021	-0.055
22070	0.032	-0.005	-0.043
22080	-0.043	0	-0.046
22090	0.039	0.017	-0.041
22100	-0.019	0.021	-0.024
22110	0.003	0.086	0.064
22120	0.01	0.019	0.045
22130	0.02	0.024	-0.015
22140	0.017	0.038	0.036
22150	-0.007	0.062	0.012
22160	0.041	0.009	-0.091
22170	0.07	-0.003	0.026
22180	0.187	-0.07	0.122
22190	0.163	0.005	0.019
22200	-0.004	0.033	0.04
22210	0.053	0.041	-0.101
22220	0.07	0.055	0.095
22230	-0.019	0.036	-0.055
22240	0.029	-0.048	-0.015
22250	-0.026	0.014	0.024
22260	-0.031	0.067	0.004
22270	0.012	-0.007	0.009
22280	0.005	0.017	-0.067
22290	0.003	0.021	-0.036
22300	-0.016	-0.029	0.012
22310	-0.009	-0.031	-0.041
22320	0.015	-0.026	-0.034
22330	0.02	0.005	0.014
22340	-0.031	0.019	0.026
22350	-0.045	0.024	0
22360	-0.007	0.014	-0.041
22370	-0.011	0	-0.055
22380	0.027	-0.036	0.002
22390	0.027	0.026	0.002
22400	0.01	-0.012	0.004
22410	0.051	-0.024	-0.015
22420	0.01	0.007	-0.012
22430	0.005	0.065	-0.055
22440	-0.026	0.036	-0.06
22450	0.029	0.038	-0.008
22460	0.039	0.033	-0.022
22470	0.036	0.017	0.002
22480	-0.019	0.036	0.05
22490	0.005	0.062	0.026
22500	0.005	0.005	-0.06
22510	-0.004	0.031	-0.01
22520	0.046	-0.01	-0.008
22530	0.017	-0.048	0.019
22540	0.012	-0.026	-0.029
22550	0.015	-0.007	-0.084
22560	0.003	-0.01	0.007
22570	-0.009	-0.036	-0.055
22580	0.087	0.026	-0.01
22590	-0.011	0	0.021
22600	0	0.007	0.016
22610	0.034	0.012	-0.065
22620	-0.026	0.021	-0.034
22630	0.051	0.036	-0.051
22640	-0.031	0.014	-0.055
22650	0.051	-0.007	-0.127
22660	0.048	-0.024	-0.058
22670	-0.028	0.024	-0.075
22680	0.065	0.043	0.009
22690	-0.002	-0.005	-0.079
22700	-0.076	0.017	0.012
22710	0.07	0.053	-0.027
22720	-0.1	0.062	-0.024
22730	0.008	0.05	0.012
22740	0.017	-0.007	-0.005
22750	-0.014	-0.024	-0.029
22760	0.089	0.06	-0.041
22770	-0.021	-0.005	0.016
22780	-0.011	0.009	0
22790	0.048	0.012	0.019
22800	-0.009	-0.031	-0.06
22810	-0.009	0.014	0.019
22820	-0.016	0.041	0.021
22830	0.003	0.002	0.016
22840	0.046	0.019	-0.046
22850	0.01	0.038	0.014
22860	0.012	0.019	0.009
22870	0.015	0.005	0.007
22880	0.051	-0.017	-0.034
22890	-0.007	0.017	-0.022
22900	0.048	0.012	-0.005
22910	-0.071	0	-0.072
22920	0.046	0.031	-0.06
22930	0.036	0.005	-0.043
22940	0.034	-0.036	-0.043
22950	0.003	-0.014	-0.003
22960	0.017	0.009	0.036
22970	-0.009	-0.024	-0.017
22980	0.015	0.024	-0.017
22990	-0.021	0.033	0.009
23000	0.036	0.031	-0.027
23010	0.029	-0.012	0.007
23020	0.022	0.031	-0.01
23030	0.08	-0.014	0.033
23040	-0.014	-0.003	0.007
23050	0.024	0.038	-0.024
23060	-0.007	0.057	0.031
23070	0.06	0.033	0.028
23080	-0.002	-0.022	0.016
23090	-0.052	0.081	-0.053
23100	0.041	0.055	-0.02
23110	-0.04	0.036	-0.029
23120	0.036	0.005	0.019
23130	0.048	0.014	-0.003
23140	0.029	0.041	-0.07
23150	0.06	0.012	-0.034
23160	0.003	0.019	-0.063
23170	0.029	0.026	-0.01
23180	0.003	-0.003	0.002
23190	-0.014	0.014	-0.003
23200	0.015	0.019	-0.017
23210	0.044	-0.046	0.045
23220	-0.002	0	-0.046
23230	0.044	0.076	-0.029
23240	-0.007	0.005	-0.024
23250	0.036	-0.012	-0.008
23260	0.032	-0.017	-0.022
23270	-0.021	0	-0.027
23280	0.075	0.048	0.009
23290	-0.043	0.009	-0.01
23300	0.005	0.007	0.007
23310	0.012	-0.017	-0.034
23320	-0.004	0.041	-0.067
23330	0.056	0.048	0.028
23340	0.015	0.002	-0.015
23350	0.048	-0.003	0.004
23360	0.048	0.026	-0.046
23370	0.048	0.002	-0.067
23380	0.01	-0.012	-0.015
23390	-0.007	0.036	-0.012
23400	-0.009	-0.014	-0.063
23410	0.056	-0.024	-0.048
23420	-0.007	0.026	0.038
23430	-0.007	0.014	-0.07
23440	-0.002	0.045	-0.015
23450	0.024	0.014	-0.02
23460	-0.009	0.012	0.009
23470	-0.038	0.012	0.002
23480	-0.028	-0.003	-0.012
23490	0	0.012	-0.058
23500	-0.028	0.021	0.031
23510	0.022	0.021	-0.084
23520	-0.021	-0.01	-0.027
23530	0	0.017	-0.024
23540	0.008	-0.003	-0.005
23550	-0.035	0.021	-0.017
23560	0.058	0.002	0.002
23570	0.063	0.026	0.021
23580	0	0.041	-0.031
23590	0.053	0.019	-0.06
23600	0.01	-0.012	-0.022
23610	0.034	0.002	-0.031
23620	0.005	-0.01	-0.015
23630	0.022	-0.007	-0.015
23640	0.048	0.029	-0.07
23650	0.003	0.053	0.002
23660	0.008	0.005	-0.015
23670	0.027	0.017	-0.031
23680	-0.019	0.031	-0.022
23690	0.07	0.045	0.036
23700	-0.021	0.031	0.014
23710	0.053	0.014	0.002
23720	0.012	0.002	0.012
23730	0.048	0.029	-0.06
23740	0.046	-0.007	0.009
23750	0.044	0.033	0.014
23760	0.008	-0.043	-0.053
23770	0.029	-0.017	-0.041
23780	-0.026	0.012	-0.055
23790	0.056	-0.019	0.009
23800	0.053	0.021	-0.024
23810	-0.014	0.076	-0.06
23820	0.015	-0.029	-0.039
23830	0.034	0.021	0.028
23840	0.029	0.012	0.026
23850	0.044	0.014	-0.029
23860	0.096	0.06	-0.008
23870	0.005	0.009	-0.101
23880	-0.004	-0.014	-0.034
23890	0.005	0.033	0.014
23900	0.041	0.002	-0.053
23910	0.032	0.012	-0.024
23920	0.02	-0.005	-0.034
23930	0.017	0.053	-0.07
23940	-0.019	0.036	-0.01
23950	0.034	0.024	0.026
23960	0.032	0.029	-0.027
23970	0.039	0.005	-0.02
23980	-0.016	0	-0.017
23990	-0.002	0	-0.027
24000	0.032	0.002	-0.029
24010	-0.007	0.029	0.045
24020	0.077	-0.017	-0.005
24030	0.003	0.024	0.031
24040	-0.002	0.002	0.002
24050	0.017	0.017	0.028
24060	-0.014	0.024	0
24070	0.065	0.031	0.024
24080	0	0	-0.067
24090	-0.069	0.007	-0.034
24100	0.032	0.031	0
24110	0.032	0.026	0.04
24120	0.041	0	-0.06
24130	0.015	0.024	0.026
24140	0.058	0.031	-0.012
24150	0.008	0.031	-0.034
24160	0.034	0.036	-0.106
24170	0.029	0.036	0.004
24180	-0.007	0.048	0.019
24190	0.034	0.033	-0.003
24200	0.036	0.065	0.002
24210	0.012	0.031	0.031
24220	0.024	0.045	-0.082
24230	0.005	0.002	0.026
24240	-0.021	0.024	-0.005
24250	-0.014	-0.017	-0.027
24260	0.063	-0.024	-0.003
24270	0.068	0.05	0.007
24280	0.017	0.005	-0.017
24290	0.065	-0.003	-0.039
24300	0.02	0.019	-0.058
24310	0.01	0.002	-0.051
24320	0.012	0.048	-0.039
24330	-0.011	-0.007	-0.005
24340	-0.052	0.026	0.038
24350	0.005	0.007	0.007
24360	0.048	-0.007	0.007
24370	0.036	0	-0.039
24380	0.005	0.017	-0.043
24390	0.015	-0.024	-0.063
24400	0.041	-0.031	-0.027
24410	0.041	0.067	-0.022
24420	0.01	0.045	-0.022
24430	-0.002	0.029	-0.024
24440	-0.033	0.021	0.064
24450	-0.021	0.026	-0.084
24460	-0.033	0.007	-0.024
24470	-0.002	0.002	-0.024
24480	0.053	-0.012	-0.01
24490	0.027	0.002	-0.02
24500	-0.011	-0.012	-0.003
24510	0.08	0.038	0
24520	0.039	-0.029	0.004
24530	0.041	0.009	0.036
24540	0.003	-0.06	0.007
24550	-0.016	0.033	-0.051
24560	0.008	0.043	0
24570	0.01	0.041	0.007
24580	-0.021	0.038	0.007
24590	-0.002	0.024	0.007
24600	-0.021	0.038	-0.058
24610	0.015	0.043	-0.053
24620	0.017	0.026	-0.029
24630	0.02	0.029	-0.039
24640	0.02	-0.007	0.033
24650	-0.019	0	0.009
24660	0.041	0.033	0.04
24670	-0.007	0.021	0.031
24680	0.015	0.057	-0.02
24690	0.012	0.038	-0.003
24700	-0.035	0.021	-0.031
24710	-0.014	0.005	0.021
24720	0.022	0.012	-0.031
24730	0.044	0.012	-0.012
24740	-0.016	0.024	0
24750	0.003	-0.019	0.026
24760	0.008	0.009	0.009
24770	-0.007	-0.005	-0.022
24780	0.036	0.065	0
24790	-0.002	-0.003	-0.039
24800	0.034	0.024	-0.005
24810	-0.045	0.019	-0.012
24820	0.032	0.029	-0.015
24830	0.027	0.002	0.004
24840	0.044	0.017	-0.027
24850	0.08	-0.029	0.009
24860	-0.009	0.053	-0.022
24870	-0.004	-0.026	-0.046
24880	0.063	0.026	-0.008
24890	0.022	-0.014	0.033
24900	-0.014	-0.007	0.024
24910	0.039	0.055	-0.039
24920	0.008	-0.005	0.028
24930	0.024	0.065	-0.003
24940	0.008	0.005	0.024
24950	0.032	-0.003	0.009
24960	0.022	-0.003	0.014
24970	-0.009	0	-0.031
24980	0.034	0.009	-0.115
24990	0.003	0	-0.043
25000	0.022	-0.046	0.024
25010	0.003	-0.024	-0.012
25020	0.053	-0.024	-0.01
25030	0.02	0.029	0.079
25040	0.036	0.036	0.021
25050	0.02	0	0.033
25060	0.046	0.017	-0.01
25070	0.024	0.026	-0.024
25080	0.01	0.017	0.016
25090	0.034	0.019	-0.046
25100	0.005	-0.026	-0.084
25110	-0.011	0.026	-0.067
25120	0.06	0.033	-0.017
25130	0.07	0.024	-0.015
25140	0.012	0.014	0.004
25150	0.036	0.043	0
25160	0.02	0.038	-0.02
25170	-0.009	-0.014	0.016
25180	0.017	0.036	0.021
25190	0.065	0.065	0.021
25200	0.01	0.043	0.021
25210	-0.023	0.043	-0.06
25220	0.012	0.012	-0.051
25230	0.01	0.007	-0.041
25240	0.051	-0.007	-0.027
25250	0.027	0.002	0.002
25260	0.01	0.007	-0.041
25270	0.044	0	-0.003
25280	0.015	0.014	-0.003
25290	0.003	0.021	-0.043
25300	0.056	0.009	-0.034
25310	-0.031	-0.031	-0.015
25320	0.022	0.045	-0.048
25330	0.029	0.014	0.016
25340	0.036	-0.019	0.026
25350	0.046	0.017	-0.017
25360	0.034	0.031	-0.015
25370	0.015	0.009	0.028
25380	-0.028	0	-0.029
25390	0.063	0.057	-0.01
25400	0.077	-0.01	0.04
25410	0.029	0.012	-0.022
25420	-0.014	0.021	0.024
25430	-0.014	0.005	-0.022
25440	0.003	0.009	0.014
25450	-0.011	-0.031	-0.055
25460	0.06	0.014	0
25470	0.032	0.002	-0.02
25480	0.029	0.026	-0.053
25490	0.022	0.06	-0.01
25500	0.058	-0.022	-0.01
25510	-0.035	-0.003	-0.043
25520	0.005	0.021	0.024
25530	0.02	0.021	0.019
25540	-0.011	0.021	0.019
25550	-0.011	0.002	0
25560	0.008	0.026	0.021
25570	-0.011	0.033	0.009
25580	0.048	0.019	-0.017
25590	-0.026	0.005	-0.022
25600	-0.007	0.014	-0.055
25610	0.039	-0.01	0.007
25620	-0.031	-0.003	-0.043
25630	-0.004	0.019	0.014
25640	-0.023	0.06	-0.043
25650	0.01	0.019	-0.022
25660	0.005	0.002	0.004
25670	-0.021	0.021	-0.01
25680	0.003	0.041	-0.027
25690	-0.007	0.026	0.057
25700	-0.019	-0.003	0.009
25710	-0.016	-0.017	0.05
25720	-0.009	0	0.021
25730	-0.011	-0.046	-0.065
25740	0.024	-0.005	0.009
25750	-0.043	-0.034	-0.012
25760	0.003	-0.036	0.04
25770	-0.019	0.057	-0.051
25780	0.017	0.053	0
25790	0.02	0.031	-0.034
25800	0.02	-0.01	0.016
25810	0.017	0.005	0
25820	0.012	0.029	-0.06
25830	-0.002	0.036	-0.067
25840	0.015	0.062	-0.082
25850	-0.014	-0.01	-0.024
25860	0.06	0.038	0.016
25870	0.084	0.017	0.026
25880	-0.019	0.026	-0.02
25890	0.048	0.007	-0.02
25900	0.003	-0.043	-0.029
25910	-0.007	-0.029	-0.058
25920	0.046	0.012	-0.055
25930	-0.021	0.005	-0.053
25940	0.012	0.014	-0.022
25950	0.048	0.007	-0.01
25960	0.02	0	-0.072
25970	0.02	0	-0.008
25980	-0.016	0.007	-0.053
25990	-0.002	0	0.028
26000	-0.004	0.009	-0.048
26010	-0.047	-0.012	-0.075
26020	-0.007	0.007	0.024
26030	-0.028	0.055	0.004
26040	-0.033	0.009	0.004
26050	0.02	-0.003	-0.02
26060	0.024	0.021	-0.031
26070	-0.055	0.009	-0.043
26080	0.027	0.026	-0.051
26090	0.008	0.029	-0.075
26100	0.005	0.067	-0.046
26110	0.08	0.007	-0.039
26120	-0.026	0.057	-0.046
26130	-0.016	0.009	0.026
26140	0.058	0.048	-0.022
26150	-0.016	-0.003	0.007
26160	0.012	0.009	-0.053
26170	0.015	0.021	-0.027
26180	-0.023	0.005	0.024
26190	0.053	0	-0.029
26200	-0.007	0.041	0
26210	0.029	-0.026	0.009
26220	0.003	-0.005	-0.012
26230	-0.004	-0.036	-0.024
26240	0.029	-0.072	-0.008
26250	0.034	0.036	0.021
26260	-0.007	-0.003	0.012
26270	0.032	0	0.04
26280	0.029	0.033	0.004
26290	0.02	0.041	-0.055
26300	-0.009	0.033	0.014
26310	-0.021	0.048	-0.06
26320	0	-0.007	-0.063
26330	0.029	0.055	-0.106
26340	-0.016	0.019	0.009
26350	0.036	0.024	-0.058
26360	-0.009	-0.003	-0.043
26370	0.003	-0.012	0
26380	-0.021	-0.005	0
26390	0.063	0.012	-0.017
26400	-0.031	0.021	-0.07
26410	-0.021	0.017	-0.046
26420	0.008	0.019	-0.034
26430	0.027	0.002	-0.02
26440	0.003	-0.019	-0.041
26450	0.015	0.029	0.045
26460	-0.016	0.014	-0.005
26470	0.012	0	-0.06
26480	0.034	0.009	-0.01
26490	-0.007	-0.007	-0.017
26500	-0.021	-0.043	-0.012
26510	0.065	0.005	0.002
26520	0.02	0.014	-0.055
26530	-0.009	0.074	-0.077
26540	-0.004	0.05	0.002
26550	-0.002	0.014	-0.024
26560	0.044	0.033	-0.015
26570	0.01	0.002	0.002
26580	-0.009	0.067	-0.003
26590	-0.007	0.017	-0.041
26600	-0.014	0.029	-0.051
26610	0.039	0.045	-0.041
26620	0.034	0	0.019
26630	0.029	0.031	-0.034
26640	-0.007	0.036	0.016
26650	0.008	0.005	-0.072
26660	-0.002	0.002	-0.055
26670	0	0.033	0.031
26680	0.005	0	-0.055
26690	0.003	0.009	-0.005
26700	0.034	-0.005	-0.017
26710	0.015	0.002	-0.024
26720	0.027	-0.017	-0.024
26730	-0.014	-0.026	-0.055
26740	0.012	0	0.007
26750	0.029	-0.01	-0.02
26760	0.015	0.014	-0.003
26770	0.039	0.043	0.019
26780	-0.021	0.014	-0.024
26790	0.005	0.021	-0.06
26800	0.032	0.053	0.016
26810	-0.011	0.031	-0.012
26820	-0.045	0.012	-0.02
26830	0.044	0.038	-0.079
26840	-0.026	0.041	-0.039
26850	-0.002	0.036	-0.082
26860	0.024	0.026	-0.06
26870	0.053	-0.003	-0.022
26880	0.065	0.065	-0.034
26890	0.046	0.048	-0.012
26900	0.012	0.031	0.002
26910	0.053	0.026	0.052
26920	0.039	0.002	-0.048
26930	-0.009	-0.003	-0.029
26940	0.005	-0.05	-0.031
26950	-0.021	0.021	-0.043
26960	0.027	-0.038	0.014
26970	0	-0.014	-0.12
26980	-0.009	0.026	-0.06
26990	0.024	-0.01	-0.079
27000	0.053	0.029	-0.034
27010	0	0.062	0.064
27020	0.027	0.012	0.002
27030	0.091	0.029	-0.015
27040	-0.057	0.043	-0.075
27050	0.075	0.067	-0.02
27060	0.044	-0.019	-0.003
27070	0.051	0.036	-0.024
27080	0.034	0.036	-0.01
27090	0.051	0	-0.012
27100	0.034	0.048	-0.015
27110	0.039	0.012	-0.003
27120	-0.014	0.033	0.002
27130	-0.04	0.06	-0.017
27140	0.015	0.038	0.038
27150	-0.026	0.026	0.031
27160	-0.007	0.021	-0.024
27170	0	0.009	-0.043
27180	0.017	-0.003	0.081
27190	-0.014	-0.01	-0.008
27200	-0.047	-0.022	-0.096
27210	0.005	-0.031	-0.079
27220	0.008	-0.019	-0.005
27230	0.034	-0.007	-0.036
27240	-0.026	0.007	-0.015
27250	0.032	0.038	-0.087
27260	-0.045	0.031	-0.003
27270	0.077	0.017	0.033
27280	0.053	-0.003	0.007
27290	0.012	0.007	-0.079
27300	0.065	0.029	-0.027
27310	0.051	0.017	0.009
27320	0.041	0.012	0.002
27330	0.065	-0.034	0.026
27340	0.036	0.026	0.031
27350	-0.035	0.007	-0.065
27360	0.015	0.043	-0.036
27370	-0.045	-0.007	-0.101
27380	0.008	0.002	0.033
27390	0.005	0.019	-0.015
27400	0	0.021	0.012
27410	0.036	-0.014	0.002
27420	-0.009	0.041	0.012
27430	0.003	-0.038	-0.005
27440	0.029	-0.014	-0.01
27450	-0.009	-0.029	-0.031
27460	0.012	0	0.004
27470	0.034	0.021	0.004
27480	0.039	-0.01	-0.015
27490	0.036	0.014	0.036
27500	0.046	0.017	0.004
27510	0.01	0.055	-0.034
27520	-0.007	0.021	-0.053
27530	0.017	0.019	0
27540	-0.019	0.017	-0.01
27550	0.015	0.033	-0.07
27560	-0.002	-0.005	-0.06
27570	0.01	0.012	-0.046
27580	0.029	0.024	-0.036
27590	0.036	0.029	-0.036
27600	-0.002	-0.019	0
27610	-0.019	-0.01	0.007
27620	0.003	0.009	0.031
27630	0.039	0.045	0
27640	0.01	0.026	0.031
27650	-0.038	0.017	-0.043
27660	-0.021	0.007	0.009
27670	-0.004	-0.019	-0.02
27680	0.036	-0.019	-0.06
27690	-0.004	-0.029	-0.039
27700	0.02	-0.034	0.007
27710	0.032	-0.058	-0.008
27720	-0.045	-0.017	0.021
27730	0.077	0.088	0.024
27740	0.087	0.026	0.014
27750	0.036	0.048	0.05
27760	0.07	0.009	0.048
27770	0.048	-0.022	0.052
27780	0.048	0.05	0.009
27790	0.022	-0.012	0.009
27800	0.02	-0.034	-0.022
27810	0.01	-0.005	-0.07
27820	0.008	-0.012	-0.06
27830	-0.014	0.009	-0.008
27840	0.034	0.024	-0.017
27850	0.008	0.029	0.004
27860	0.02	-0.005	0.009
27870	0.058	0.017	0.05
27880	-0.004	0.002	-0.015
27890	0.027	0.026	0.036
27900	0.029	0.041	0.033
27910	0.003	0.033	0.055
27920	0.027	-0.003	-0.079
27930	0.015	-0.041	-0.005
27940	-0.019	-0.014	-0.015
27950	0.032	0.002	0.009
27960	0.003	-0.01	0.012
27970	0.015	0	0.071
27980	-0.004	0.029	-0.043
27990	-0.016	-0.026	-0.01
28000	0.029	0.036	0.048
28010	0.022	0.053	0.012
28020	0.032	0.055	-0.053
28030	-0.019	0	-0.043
28040	0.036	0.014	-0.065
28050	0.039	0.021	-0.077
28060	-0.05	0.007	-0.072
28070	0.032	0.002	-0.082
28080	0.027	0.007	-0.01
28090	0.024	-0.041	-0.127
28100	-0.023	-0.003	0.026
28110	-0.011	0.026	-0.015
28120	0.068	-0.007	0.057
28130	0.024	0.05	-0.024
28140	0.02	0.002	0.014
28150	0.036	0.005	-0.003
28160	0.046	0.019	-0.02
28170	0.017	-0.034	-0.087
28180	0.024	-0.005	-0.043
28190	0.041	0.014	-0.046
28200	0.036	-0.029	0.045
28210	-0.023	0.019	0.019
28220	-0.004	-0.01	0.016
28230	0.034	-0.034	-0.022
28240	-0.007	-0.01	0
28250	0.027	0.043	0.024
28260	-0.04	0.072	0.007
28270	0.029	-0.012	-0.003
28280	0.003	0	-0.003
28290	0.096	0.048	0.004
28300	-0.337	0.122	-0.249
28310	-0.351	0.096	-0.213
28320	-0.007	-0.014	0.076
28330	0.154	-0.029	-0.051
28340	0.017	0.043	0.009
28350	0.034	0.019	-0.043
28360	-0.043	0.007	-0.065
28370	-0.064	-0.005	-0.046
28380	0.048	0.017	-0.022
28390	0.044	0.038	-0.008
28400	0.041	-0.019	0.026
28410	0.012	-0.017	0.024
28420	0.008	0	0.026
28430	0.075	-0.017	0.004
28440	0.008	-0.01	-0.043
28450	-0.011	-0.014	-0.034
28460	0	0.019	-0.024
28470	-0.052	-0.01	-0.034
28480	0.015	-0.024	0.05
28490	-0.004	0.014	-0.003
28500	0.012	0.06	0.064
28510	-0.026	0.024	-0.008
28520	0	0.021	0.014
28530	0.017	0	-0.024
28540	-0.004	0.043	-0.008
28550	0.036	0	-0.063
28560	-0.047	-0.003	-0.031
28570	0.024	-0.01	-0.048
28580	-0.009	0.029	-0.041
28590	0.022	0.05	-0.01
28600	0.029	0.014	0.007
28610	-0.019	0.055	-0.039
28620	0.056	0.007	-0.003
28630	0	0	0.036
28640	0.044	0.017	0.007
28650	0.032	0	0.002
28660	0.027	0.026	-0.031
28670	0	0.076	-0.024
28680	0.048	-0.041	-0.01
28690	-0.007	-0.019	-0.06
28700	0.036	-0.024	0
28710	-0.014	-0.007	-0.039
27720	-0.045	-0.017	0.021
27730	0.077	0.088	0.024
27740	0.087	0.026	0.014
27750	0.036	0.048	0.05
27760	0.07	0.009	0.048
27770	0.048	-0.022	0.052
27780	0.048	0.05	0.009
27790	0.022	-0.012	0.009
27800	0.02	-0.034	-0.022
27810	0.01	-0.005	-0.07
27820	0.008	-0.012	-0.06
27830	-0.014	0.009	-0.008
27840	0.034	0.024	-0.017
27850	0.008	0.029	0.004
27860	0.02	-0.005	0.009
27870	0.058	0.017	0.05
27880	-0.004	0.002	-0.015
27890	0.027	0.026	0.036
27900	0.029	0.041	0.033
27910	0.003	0.033	0.055
27920	0.027	-0.003	-0.079
27930	0.015	-0.041	-0.005
27940	-0.019	-0.014	-0.015
27950	0.032	0.002	0.009
27960	0.003	-0.01	0.012
27970	0.015	0	0.071
27980	-0.004	0.029	-0.043
27990	-0.016	-0.026	-0.01
28000	0.029	0.036	0.048
28010	0.022	0.053	0.012
28020	0.032	0.055	-0.053
28030	-0.019	0	-0.043
28040	0.036	0.014	-0.065
28050	0.039	0.021	-0.077
28060	-0.05	0.007	-0.072
28070	0.032	0.002	-0.082
28080	0.027	0.007	-0.01
28090	0.024	-0.041	-0.127
28100	-0.023	-0.003	0.026
28110	-0.011	0.026	-0.015
28120	0.068	-0.007	0.057
28130	0.024	0.05	-0.024
28140	0.02	0.002	0.014
28150	0.036	0.005	-0.003
28160	0.046	0.019	-0.02
28170	0.017	-0.034	-0.087
28180	0.024	-0.005	-0.043
28190	0.041	0.014	-0.046
28200	0.036	-0.029	0.045
28210	-0.023	0.019	0.019
28220	-0.004	-0.01	0.016
28230	0.034	-0.034	-0.022
28240	-0.007	-0.01	0
28250	0.027	0.043	0.024
28260	-0.04	0.072	0.007
28270	0.029	-0.012	-0.003
28280	0.003	0	-0.003
28290	0.096	0.048	0.004
28300	-0.337	0.122	-0.249
28310	-0.351	0.096	-0.213
28320	-0.007	-0.014	0.076
28330	0.154	-0.029	-0.051
28340	0.017	0.043	0.009
28350	0.034	0.019	-0.043
28360	-0.043	0.007	-0.065
28370	-0.064	-0.005	-0.046
28380	0.048	0.017	-0.022
28390	0.044	0.038	-0.008
28400	0.041	-0.019	0.026
28410	0.012	-0.017	0.024
28420	0.008	0	0.026
28430	0.075	-0.017	0.004
28440	0.008	-0.01	-0.043
28450	-0.011	-0.014	-0.034
28460	0	0.019	-0.024
28470	-0.052	-0.01	-0.034
28480	0.015	-0.024	0.05
28490	-0.004	0.014	-0.003
28500	0.012	0.06	0.064
28510	-0.026	0.024	-0.008
28520	0	0.021	0.014
28530	0.017	0	-0.024
28540	-0.004	0.043	-0.008
28550	0.036	0	-0.063
28560	-0.047	-0.003	-0.031
28570	0.024	-0.01	-0.048
28580	-0.009	0.029	-0.041
28590	0.022	0.05	-0.01
28600	0.029	0.014	0.007
28610	-0.019	0.055	-0.039
28620	0.056	0.007	-0.003
28630	0	0	0.036
28640	0.044	0.017	0.007
28650	0.032	0	0.002
28660	0.027	0.026	-0.031
28670	0	0.076	-0.024
28680	0.048	-0.041	-0.01
28690	-0.007	-0.019	-0.06
28700	0.036	-0.024	0
28710	-0.014	-0.007	-0.039
